molecule_chembl_id,canonical_smiles,bioactivity_class,standard_value
CHEMBL303519,c1cnc(N2CCN(Cc3cccc4c3Cc3ccccc3-4)CC2)nc1,intermediate,9800.0
CHEMBL292943,COc1ccc(-c2cccc(CN3CCN(c4ncccn4)CC3)c2)cc1,active,50.0
CHEMBL61682,Fc1ccc(-c2cncc(CN3CCN(c4ccccc4F)CC3)c2)cc1,active,25.0
CHEMBL64487,COc1ccccc1-c1cccc(CN2CCN(c3ncccn3)CC2)c1,active,360.0
CHEMBL64597,c1cnc(N2CCN(Cc3cccc(-c4ccsc4)c3)CC2)nc1,active,300.0
CHEMBL291824,Fc1ccc(-c2cncc(CN3CCN(c4ccc(F)cc4)CC3)c2)cc1,active,70.0
CHEMBL59942,Fc1ccc(-c2cccc(CN3CCN(c4ncccn4)CC3)c2)cc1,active,49.0
CHEMBL61657,Fc1ccc(-c2cncc(CN3CCN(c4ccccn4)CC3)c2)cc1,active,60.0
CHEMBL302183,Fc1ccc(-c2cncc(CN3CCN(c4ncccn4)CC3)c2)cc1,active,120.0
CHEMBL304692,c1cnc(N2CCN(Cc3cccc4c3-c3ccccc3C4)CC2)nc1,intermediate,2300.0
CHEMBL555670,Cl.Clc1ccc(N2CCN(Cc3c[nH]c4ncccc34)CC2)cc1,active,360.0
CHEMBL291380,Fc1ccccc1-c1cccc(CN2CCN(c3ncccn3)CC2)c1,active,250.0
CHEMBL40391,Nc1cccc(-c2ccc(CCN3CCN(CC(=O)c4ccccc4)CC3)cc2)n1,inactive,10000.0
CHEMBL64671,COc1cccc(-c2cccc(CN3CCN(c4ncccn4)CC3)c2)c1,active,490.0
CHEMBL62829,Fc1cccc(-c2cccc(CN3CCN(c4ncccn4)CC3)c2)c1,active,81.0
CHEMBL64119,CC(C)Oc1cccnc1N(C)C1CCN(Cc2ccccc2)CC1.O=C(O)/C=C\C(=O)O,active,620.0
CHEMBL302904,Fc1ccc(-c2cncc(CN3CCN(c4ccccc4)CC3)c2)cc1,active,23.0
CHEMBL60957,Fc1ccc(-c2cncc(CN3CCN(c4cnccn4)CC3)c2)cc1,active,450.0
CHEMBL82652,O=C(NC[C@H]1CCCN1CCc1ccccc1)C1CCCCC1,active,1000.0
CHEMBL356304,CSc1cccc(C(=O)NC[C@@H]2CCCN2CCc2ccccc2)c1,active,1000.0
CHEMBL147279,O=C(NC[C@@H]1CCCN1CCc1ccccc1)c1ccccc1,active,1000.0
CHEMBL82884,O=C(NC[C@@H]1CCCN1CCc1ccccc1)C1CCCCC1,active,1000.0
CHEMBL148249,CSc1cccc(C(=O)NC[C@H]2CCCN2CCc2ccccc2)c1,active,1000.0
CHEMBL56,CCCN(CCC)C1CCc2cccc(O)c2C1,active,1000.0
CHEMBL147226,O=C(NC[C@H]1CCCN1CCc1ccccc1)c1ccccc1,active,1000.0
CHEMBL1204116,Br.Clc1ccc(N2CCN(C[C@H]3C[C@@H]3c3ccccc3)CC2)c(Cl)c1,active,65.0
CHEMBL42,CN1CCN(C2=Nc3cc(Cl)ccc3Nc3ccccc32)CC1,active,113.0
CHEMBL1203260,Cl.c1ccc([C@H]2C[C@@H]2CN2CCN(c3ccccn3)CC2)cc1,active,263.0
CHEMBL1202203,Br.c1ccc([C@H]2C[C@@H]2CN2CCN(c3cccnc3)CC2)cc1,inactive,10000.0
CHEMBL1202222,Br.Fc1ccc([C@H]2C[C@@H]2CN2CCN(c3ccc(Cl)cc3)CC2)cc1,active,202.0
CHEMBL2092961,Br.Cc1ccc(N2CCN(CC3CC3c3ccccc3)CC2)c(C)c1,active,60.0
CHEMBL1202211,Br.COc1cc(Cl)ccc1N1CCN(C[C@H]2C[C@@H]2c2ccccc2)CC1,active,17.0
CHEMBL1202213,Br.Clc1cccc(N2CCN(C[C@H]3C[C@@H]3c3ccccc3)CC2)c1Cl,active,2.0
CHEMBL125455,Clc1ccc(N2CCN(C[C@@H]3C[C@H]3c3ccccc3)CC2)c(Cl)c1,active,64.0
CHEMBL1202216,Br.COc1ccccc1N1CCN(C[C@H]2C[C@@H]2c2ccccc2)CC1,active,5.0
CHEMBL1202217,Br.COc1cccc(N2CCN(C[C@H]3C[C@@H]3c3ccccc3)CC2)c1,active,171.0
CHEMBL1202202,Br.Oc1ccc([C@H]2C[C@@H]2CN2CCN(c3ccc(Cl)cc3Cl)CC2)cc1,active,12.0
CHEMBL54,O=C(CCCN1CCC(O)(c2ccc(Cl)cc2)CC1)c1ccc(F)cc1,active,4.0
CHEMBL1202221,Br.Clc1cccc(N2CCN(C[C@H]3C[C@@H]3c3ccccc3)CC2)c1,active,146.0
CHEMBL1202220,Br.Clc1ccc(N2CCN(C[C@H]3C[C@@H]3c3ccccc3)CC2)cc1,active,246.0
CHEMBL1203257,Cl.c1ccc([C@H]2C[C@@H]2CN2CCN(c3ncccn3)CC2)cc1,active,766.0
CHEMBL1202219,Br.Fc1ccc([C@H]2C[C@@H]2CN2CCN(c3ccccc3Cl)CC2)cc1,active,13.0
CHEMBL1202210,Br.Cc1cc(Cl)ccc1N1CCN(C[C@H]2C[C@@H]2c2ccccc2)CC1,active,128.0
CHEMBL341497,c1ccc([C@H]2C[C@@H]2CN2CCN(c3ccccc3)CC2)cc1,active,37.0
CHEMBL1202215,Br.Clc1ccccc1N1CCN(C[C@H]2C[C@@H]2c2ccccc2)CC1,active,5.0
CHEMBL1202212,Br.Clc1ccc(N2CCN(C[C@H]3C[C@@H]3c3ccccc3)CC2)cc1Cl,active,208.0
CHEMBL1202209,Br.Cc1cc(F)ccc1N1CCN(C[C@H]2C[C@@H]2c2ccccc2)CC1,active,68.0
CHEMBL1202204,Br.COc1c(Cl)cc(N2CCN(C[C@H]3C[C@@H]3c3ccccc3)CC2)cc1Cl,active,228.0
CHEMBL1202207,Br.c1ccc([C@H]2C[C@@H]2CN2CCN(c3ccncc3)CC2)cc1,inactive,10000.0
CHEMBL1204116,Br.Clc1ccc(N2CCN(C[C@H]3C[C@@H]3c3ccccc3)CC2)c(Cl)c1,active,93.0
CHEMBL1202206,Br.COc1ccc([C@H]2C[C@@H]2CN2CCN(c3ccc(Cl)cc3Cl)CC2)cc1,active,7.0
CHEMBL1202208,Br.Cc1ccc(N2CCN(C[C@@H]3C[C@H]3c3ccccc3)CC2)c(C)c1,active,73.0
CHEMBL1204119,Br.Cc1ccc(N2CCN(C[C@H]3C[C@@H]3c3ccccc3)CC2)c(C)c1,active,45.0
CHEMBL1202205,Br.COc1ccc(Cl)cc1N1CCN(C[C@H]2C[C@@H]2c2ccccc2)CC1,active,5.0
CHEMBL1202224,Br.COc1ccc(N2CCN(C[C@H]3C[C@@H]3c3ccccc3)CC2)cc1,active,752.0
CHEMBL1202225,Br.Clc1cc(Cl)cc(N2CCN(C[C@H]3C[C@@H]3c3ccccc3)CC2)c1,active,32.0
CHEMBL1202223,Br.Fc1ccc([C@H]2C[C@@H]2CN2CCN(c3cccc(Cl)c3)CC2)cc1,active,56.0
CHEMBL1202214,Br.Br.COc1cc(F)ccc1N1CCN(C[C@H]2C[C@@H]2c2ccccc2)CC1,active,10.0
CHEMBL22242,CCN1CCC[C@H]1CNC(=O)c1c(OC)ccc(Br)c1OC,active,880.0
CHEMBL831,CN1CCN(C2=Nc3ccccc3Oc3ccc(Cl)cc32)CC1,active,54.0
CHEMBL415300,CN1CCN(C2=Nc3ccccc3Nc3ccc(Cl)cc32)CC1,active,34.0
CHEMBL72292,CN1CCN(C2=Nc3ccccc3Nc3ccc(OS(=O)(=O)C(F)(F)F)cc32)CC1,active,140.0
CHEMBL42,CN1CCN(C2=Nc3cc(Cl)ccc3Nc3ccccc32)CC1,active,260.0
CHEMBL81485,CNCC1CC2c3ccccc3Cc3ccccc3N2O1,intermediate,1698.24
CHEMBL70319,CN1CCN(C2=Nc3cc(Cl)ccc3Nc3ccc(OS(=O)(=O)C(F)(F)F)cc32)CC1,active,30.0
CHEMBL54,O=C(CCCN1CCC(O)(c2ccc(Cl)cc2)CC1)c1ccc(F)cc1,active,4.9
CHEMBL73589,CN1CCN(C2=Nc3ccccc3Sc3ccc(OS(=O)(=O)C(F)(F)F)cc32)CC1,active,23.0
CHEMBL83658,CN(C)CC1CC2c3ccccc3Cc3ccccc3N2O1,active,870.96
CHEMBL306474,CN1CCN(C2=Nc3ccccc3Oc3ccc(OS(C)(=O)=O)cc32)CC1,active,1000.0
CHEMBL313189,CN(C)CCC1CC2c3ccccc3Cc3ccccc3N2O1,intermediate,9549.93
CHEMBL430798,CN1CCN(C2=Nc3ccccc3Oc3ccc(OS(=O)(=O)C(F)(F)F)cc32)CC1,active,52.0
CHEMBL6437,CN1CCN2c3ccccc3Cc3ccccc3C2C1,intermediate,7079.46
CHEMBL603,COc1cc(C(=O)NS(=O)(=O)c2ccccc2C)ccc1Cc1cn(C)c2ccc(NC(=O)OC3CCCC3)cc12,inactive,10000.0
CHEMBL120055,Cc1ccccc1N1CCN(C(=O)COc2ccc3[nH]cc(CCN)c3c2)CC1,inactive,10000.0
CHEMBL28902,Cc1nc2cnccc2n1-c1ccc(OCc2cccc(/C=C/c3ccc4ccc(Cl)cc4n3)c2)cc1,inactive,10000.0
CHEMBL160581,NCCc1c[nH]c2ccc(OCC(=O)N3CCN(c4cccc5ccccc45)CC3)cc12,active,1000.0
CHEMBL31714,Cc1nc2cnccc2n1-c1ccc(OCc2cccc(/C=C/c3nc4cc(F)ccc4s3)c2)cc1,inactive,10000.0
CHEMBL19331,Oc1ccc2c(c1)CCN2,intermediate,1030.0
CHEMBL2303762,OC[C@H]1O[C@H](Oc2ccc(CC3NCCc4cc(O)c(O)cc43)cc2)[C@H](O)[C@H](O)[C@H]1O,intermediate,2420.0
CHEMBL349034,Fc1ccc(N2CCN(CC[C@H]3CC[C@H](Nc4ncccn4)CC3)CC2)cc1,active,79.0
CHEMBL164792,COc1ccccc1N1CCN(CC[C@H]2CC[C@H](Nc3ncccn3)CC2)CC1,active,9.9
CHEMBL331077,CN(C)CC1CC2c3ccccc3Cc3ccncc3N2O1,intermediate,1905.46
CHEMBL83658,CN(C)CC1CC2c3ccccc3Cc3ccccc3N2O1,active,870.96
CHEMBL315772,CN(C)CC1CC2c3ccccc3Cc3ccc(Cl)cc3N2O1,active,8.71
CHEMBL331188,CN(C)CC1CC2c3cccnc3Cc3ccccc3N2O1,active,1000.0
CHEMBL553331,Cl.Cl.Cn1c(=O)c2c(ncn2CCCN2CCN(C(c3ccc(F)cc3)c3ccc(F)cc3)CC2)n(C)c1=O,active,43.0
CHEMBL305660,CC(C)(C)c1ccc(C(=O)CCCN2CCC(OC(c3ccccc3)c3ccccc3)CC2)cc1,active,61.0
CHEMBL338611,Cn1c(=O)c2c(ncn2CCCN2CCC(C(c3ccccc3)c3ccccc3)CC2)n(C)c1=O.O=C(O)/C=C/C(=O)O,active,41.0
CHEMBL558226,COc1cc(N)c(Cl)cc1C(=O)NC1C2CC3CN(C2)CC31.Cl,inactive,10000.0
CHEMBL67555,COc1cc(N)c(Cl)cc1C(=O)NCC12CC3CN(CC3C1)C2,inactive,10000.0
CHEMBL14376,COc1cc(C(C)=O)ccc1OCCCN1CCC(c2noc3cc(F)ccc23)CC1,active,110.0
CHEMBL110362,NC1CCc2cc(O)c(O)cc2[C@H]1c1ccccc1,active,1000.0
CHEMBL225230,CCCN1CCc2cccc3c2[C@H]1Cc1ccc(O)c(O)c1-3,active,0.000001
CHEMBL355149,CN1C2CCC1CC(NC(=O)c1cnn3ccccc13)C2,inactive,10000.0
CHEMBL267044,CCN1CCC[C@H]1CNC(=O)c1cc(S(N)(=O)=O)ccc1OC,active,2E-8
CHEMBL350972,CN1C2CCC1CC(OC(=O)c1cnn3ccccc13)C2,inactive,10000.0
CHEMBL26736,NC1CCc2cc(O)c(O)cc2C1,active,4E-8
CHEMBL225230,CCCN1CCc2cccc3c2[C@H]1Cc1ccc(O)c(O)c1-3,active,1E-9
CHEMBL267930,O=C(CCCN1CCC2(CC1)C(=O)NCN2c1ccccc1)c1ccc(F)cc1,active,3E-10
CHEMBL1255588,CC(C)(C)[C@@]1(O)CCN2C[C@@H]3c4ccccc4CCc4cccc(c43)[C@H]2C1,active,5E-9
CHEMBL39,NCCc1c[nH]c2ccc(O)cc12,active,0.0003
CHEMBL479587,CC(C)(C)[C@]1(O)CCN2C[C@@H]3c4ccccc4CCc4cccc(c43)[C@H]2C1,active,0.00001
CHEMBL59,NCCc1ccc(O)c(O)c1,active,0.000008
CHEMBL1437,NC[C@H](O)c1ccc(O)c(O)c1,active,0.00008
CHEMBL11425,O=C1CC2(CCCC2)CC(=O)N1CCCCNCC1COc2ccccc2C1,active,67.61
CHEMBL11265,COc1cccc2c1CC1(CCCN1CCCCN1C(=O)CC3(CCCC3)CC1=O)CO2,intermediate,1096.48
CHEMBL417608,CCCN(CCCCN1C(=O)CC2(CCCC2)CC1=O)CC1COc2cccc(OC)c2C1,intermediate,1778.28
CHEMBL416523,COc1cccc2c1CC(CNCCCCN1C(=O)CC3(CCCC3)CC1=O)CO2,active,29.51
CHEMBL11262,CCCN(CCC)CC1COc2cccc(OC)c2C1,intermediate,2570.4
CHEMBL11592,CCCN(CCCCN1C(=O)CC2(CCCC2)CC1=O)C1COc2cccc(OC)c2C1,active,10.0
CHEMBL116463,N#Cc1ccc(CCOC(=O)NC2CCN(CCCC(c3ccc(F)cc3)c3ccc(F)cc3)CC2)cc1,active,551.0
CHEMBL326263,N#Cc1ccc(CCOC(=O)N2CCN(CCCC(c3ccc(F)cc3)c3ccc(F)cc3)CC2)cc1,intermediate,2240.0
CHEMBL113956,CCOc1ccc(CCNC(=O)N2CCN(CCCC(c3ccc(F)cc3)c3ccc(F)cc3)CC2)cc1,intermediate,2890.0
CHEMBL115280,O=C1NCN(c2ccccc2)C12CCN(Cc1cccc(Oc3ccccc3)c1)CC2,active,538.0
CHEMBL325750,O=C1NCN(c2ccccc2)C12CCN(Cc1ccc3nsnc3c1)CC2,active,123.0
CHEMBL115222,CNC(=O)CN1CN(c2ccccc2)C2(CCN(Cc3cc4c(cc3Cl)OCO4)CC2)C1=O,intermediate,2120.0
CHEMBL325516,O=C(OCCc1ccc(F)cc1)N1CCN(CCCC(c2ccc(F)cc2)c2ccc(F)cc2)CC1,intermediate,2620.0
CHEMBL114484,Cc1ccc(CN2CCC(n3c(O)nc4ccccc43)CC2)c(Cl)c1,active,480.0
CHEMBL326962,O=C1NCN(c2ccccc2)C12CCN(Cc1ccc3c(c1)OCO3)CC2,active,557.0
CHEMBL112457,O=C(/C=C/c1ccccc1)N(c1ccccc1)C1CCN(Cc2ccccc2)CC1.O=C(O)/C=C/C(=O)O,inactive,10000.0
CHEMBL115506,C(=C/c1ccccc1)\CN(c1ccccc1)C1CCN(Cc2ccccc2)CC1.O=C(O)/C=C/C(=O)O,inactive,10000.0
CHEMBL116233,O=C(/C=C/c1ccccc1)NC1CCN(Cc2ccccc2)CC1.O=C(O)/C=C/C(=O)O,intermediate,4700.0
CHEMBL112413,CN(C/C=C/c1ccccc1)C1CCN(Cc2ccccc2)CC1.O=C(O)/C=C/C(=O)O,inactive,10000.0
CHEMBL111964,CN(C(=O)C#Cc1ccccc1)C1CCN(Cc2ccccc2)CC1.O=C(O)/C=C/C(=O)O,intermediate,4900.0
CHEMBL115934,C(#Cc1ccccc1)CNC1CCN(Cc2ccccc2)CC1.O=C(O)/C=C/C(=O)O,inactive,10000.0
CHEMBL111909,C(=C/c1ccccc1)\CNC1CCN(Cc2ccccc2)CC1.O=C(O)/C=C/C(=O)O,inactive,10000.0
CHEMBL113282,C(#Cc1ccccc1)CN(c1ccccc1)C1CCN(Cc2ccccc2)CC1.O=C(O)/C=C/C(=O)O,active,890.0
CHEMBL112170,O=C(C#Cc1ccccc1)N(c1ccccc1)C1CCN(Cc2ccccc2)CC1.O=C(O)/C=C/C(=O)O,intermediate,1500.0
CHEMBL305187,CC(C(O)c1ccc(O)cc1)N1CCC(Cc2ccccc2)CC1,active,1000.0
CHEMBL325063,CN(C(=O)/C=C/c1ccccc1)C1CCN(Cc2ccccc2)CC1.O=C(O)/C=C/C(=O)O,intermediate,7100.0
CHEMBL112957,CN(CC#Cc1ccccc1)C1CCN(Cc2ccccc2)CC1.O=C(O)/C=C/C(=O)O,intermediate,4100.0
CHEMBL320801,C(=C/c1ccccc1)\CN(C/C=C/c1ccccc1)C1CCN(Cc2ccccc2)CC1.O=C(O)/C=C/C(=O)O,inactive,10000.0
CHEMBL113449,O=C(C#Cc1ccccc1)NC1CCN(Cc2ccccc2)CC1.O=C(O)/C=C/C(=O)O,intermediate,2500.0
CHEMBL2373204,COc1cccc(C(=O)NCCN2CCN(Cc3ccccc3OC)CC2)c1.Cl.Cl.O,active,1000.0
CHEMBL2373207,COc1cccc(C(=O)NCCN2CCN(Cc3ccc(Cl)cc3)CC2)c1.Cl.Cl.O,active,1000.0
CHEMBL42,CN1CCN(C2=Nc3cc(Cl)ccc3Nc3ccccc32)CC1,active,230.0
CHEMBL359002,COc1ccccc1N1CCN(CCC(=O)NC2CCc3c(cccc3OC)C2)CC1,active,761.0
CHEMBL356358,COc1ccccc1C(=O)NCCN1CCN(c2ccccc2OC)CC1,active,810.0
CHEMBL2373205,COc1cccc(-c2csc(CCN3CCN(c4ccccc4OC)CC3)n2)c1.Cl,active,870.0
CHEMBL144811,COc1ccc(OC)c(C(=O)NCCN2CCN(c3ccccc3OC)CC2)c1,active,250.0
CHEMBL26929,COc1ccccc1N1CCN(CCCC2CCCc3c(OC)cccc32)CC1,active,20.0
CHEMBL2373206,COc1cccc(-c2csc(CN3CCN(c4ccccc4OC)CC3)n2)c1.Cl.Cl.Cl.O,active,1000.0
CHEMBL424125,COc1ccc2c(c1)C(CCCN1CCN(c3ccccc3OC)CC1)CCC2,active,150.0
CHEMBL2373210,COc1ccc2c(c1)CC(NC(=O)CCN1CCN(c3ccccc3OC)CC1)CC2.Cl.Cl,active,650.0
CHEMBL54,O=C(CCCN1CCC(O)(c2ccc(Cl)cc2)CC1)c1ccc(F)cc1,active,4.1
CHEMBL286725,COc1cccc(C(=O)NCCN2CCN(c3ccccc3OC)CC2)c1,active,700.0
CHEMBL357448,COc1cccc(C(=O)NCCCN2CCN(c3ccccc3OC)CC2)c1,active,1000.0
CHEMBL26677,COc1cccc(C(=O)CCCN2CCN(c3ccccc3OC)CC2)c1,active,13.0
CHEMBL93403,COc1cccc(C(=O)NCCN2CCN(c3ccc(Cl)cc3)CC2)c1,active,1000.0
CHEMBL147483,COc1cccc(C(=O)NCCN2CCN(c3ccccn3)CC2)c1,active,1000.0
CHEMBL134423,Fc1ccc([Si]2(c3ccc(F)cc3)CCC(N3CCN(c4ccccc4)CC3)C2)cc1,active,100.0
CHEMBL134423,Fc1ccc([Si]2(c3ccc(F)cc3)CCC(N3CCN(c4ccccc4)CC3)C2)cc1,active,140.0
CHEMBL35226,CCCN1CCC(COc2nc3ccccc3c3c2CCCN3)CC1,intermediate,3400.0
CHEMBL84931,CN(C)CC1CC2c3ccccc3Cc3ccc(F)cc3N2O1,active,36.31
CHEMBL315772,CN(C)CC1CC2c3ccccc3Cc3ccc(Cl)cc3N2O1,active,8.71
CHEMBL314107,CN(C)CC1CC2c3cc(F)ccc3Cc3ccc(F)cc3N2O1,active,446.68
CHEMBL83658,CN(C)CC1CC2c3ccccc3Cc3ccccc3N2O1,active,870.96
CHEMBL85735,Cc1ccc2c(c1)N1OC(CN(C)C)CC1c1ccccc1C2,active,54.95
CHEMBL6437,CN1CCN2c3ccccc3Cc3ccccc3C2C1,intermediate,7079.46
CHEMBL611207,CN1CCCC[C@@H]1CCN1c2ccccc2Sc2ccc([S+](C)[O-])cc21,active,63.0
CHEMBL611207,CN1CCCC[C@@H]1CCN1c2ccccc2Sc2ccc([S+](C)[O-])cc21,active,77.0
CHEMBL608530,CN1CCCC[C@H]1CCN1c2ccccc2Sc2ccc([S+](C)[O-])cc21,active,837.0
CHEMBL608530,CN1CCCC[C@H]1CCN1c2ccccc2Sc2ccc([S+](C)[O-])cc21,intermediate,1173.0
CHEMBL301242,O=C(NCCCCN1CCN(c2cccc(Cl)c2Cl)CC1)c1cccc2c1-c1ccccc1C2=O,active,14.6
CHEMBL59725,O=C(NCCCCN1CCN(c2cccc(Cl)c2Cl)CC1)c1cc2ccccc2s1,active,94.7
CHEMBL139926,O=C(NCCCCN1CCN(c2cccc(Cl)c2Cl)CC1)c1cc2ccccc2o1,active,118.0
CHEMBL302374,O=C(NCCCCN1CCN(c2cccc(Cl)c2Cl)CC1)c1ccc(I)cc1,active,55.4
CHEMBL262724,O=C(NCCCCN1CCN(c2cccc(Cl)c2Cl)CC1)c1cnc2ccccc2n1,active,76.7
CHEMBL69451,O=C(NCCCCN1CCN(c2cccc(Cl)c2Cl)CC1)c1ccc(-c2ccccn2)cc1,active,92.0
CHEMBL71327,O=C(NC/C=C/CN1CCN(c2cccc(Cl)c2Cl)CC1)c1ccccc1,active,16.1
CHEMBL71865,O=C(NC/C=C\CN1CCN(c2cccc(Cl)c2Cl)CC1)c1ccccc1,active,7.49
CHEMBL180060,O=C(NC/C=C/CN1CCN(c2cccc(Cl)c2Cl)CC1)c1ccc(I)cc1,active,162.0
CHEMBL370713,COc1ccc(C(=O)NC/C=C/CN2CCN(c3cccc(Cl)c3Cl)CC2)cc1,active,61.8
CHEMBL194493,O=C(NC/C=C/CN1CCN(c2cccc(Cl)c2Cl)CC1)c1ccc([N+](=O)[O-])cc1,active,13.8
CHEMBL195057,O=C(NC/C=C/CN1CCN(c2cccc(Cl)c2Cl)CC1)c1ccc(O)cc1,active,8.29
CHEMBL366904,O=C(NC/C=C/CN1CCN(c2cccc(Cl)c2Cl)CC1)c1cc2ccccc2o1,active,111.0
CHEMBL175734,O=C(NC/C=C/CN1CCN(c2cccc(Cl)c2Cl)CC1)c1cc2ccccc2s1,active,254.0
CHEMBL180010,O=C(NC/C=C/CN1CCN(c2cccc(Cl)c2Cl)CC1)c1ccc(-c2ccccn2)cc1,active,80.9
CHEMBL300780,O=C(NCCCCN1CCN(c2cccc(Cl)c2Cl)CC1)c1ccc2c(c1)Cc1ccccc1-2,intermediate,1280.0
CHEMBL301242,O=C(NCCCCN1CCN(c2cccc(Cl)c2Cl)CC1)c1cccc2c1-c1ccccc1C2=O,active,35.6
CHEMBL42,CN1CCN(C2=Nc3cc(Cl)ccc3Nc3ccccc32)CC1,active,9.0
CHEMBL1255588,CC(C)(C)[C@@]1(O)CCN2C[C@@H]3c4ccccc4CCc4cccc(c43)[C@H]2C1,active,8.9
CHEMBL277120,c1ccc2c(N3CCNCC3)cccc2c1,active,1000.0
CHEMBL54786,O=C1Cc2cc(CCN3CCN(c4cccc5ccccc45)CC3)ccc2N1,active,44.0
CHEMBL708,O=C1Cc2cc(CCN3CCN(c4nsc5ccccc45)CC3)c(Cl)cc2N1,active,5.0
CHEMBL69584,O=C(CN1CCN(Cc2ccc(Cl)cc2)CC1)N1CCc2ccccc21,active,690.0
CHEMBL107742,Cc1ccc(CN2CCN(CC(=O)N3c4ccccc4CC3C)CC2)cc1,active,188.0
CHEMBL320597,Cc1ccc(CN2CCN(CC(=O)N3c4ccccc4C[C@H]3C)CC2)cc1,active,113.0
CHEMBL198949,CC(=O)Nc1cc(Cl)ccc1/C=C/C(=O)N1CCN(Cc2ccc(F)cc2)C[C@H]1C,active,1000.0
CHEMBL34291,COc1cc(N)c(Cl)cc1C(=O)NC[C@@H]1CCN2CCC[C@@H]12,inactive,10000.0
CHEMBL383577,Cn1nc(C(=O)OC[C@@H]2CCN3CCC[C@@H]23)c2ccccc21,inactive,10000.0
CHEMBL201878,O=C(OC[C@@H]1CCN2CCC[C@@H]12)c1[nH]nc2ccccc12,inactive,10000.0
CHEMBL201946,O=C(OC[C@@H]1CCN2CCC[C@@H]12)c1c[nH]c2ccccc12,inactive,10000.0
CHEMBL201621,COc1cc(N)c(Cl)cc1C(=O)OC[C@@H]1CCN2CCC[C@@H]12,inactive,10000.0
CHEMBL201019,CCOc1cc(N)c(Cl)cc1C(=O)NC[C@@H]1CCN2CCC[C@@H]12,intermediate,5300.0
CHEMBL37333,COc1cc(N)c(Cl)cc1C(=O)NC[C@H]1CCN2CCC[C@H]12,intermediate,3900.0
CHEMBL2448165,COc1cc(N)c(Cl)cc1C(=O)N[C@@H]1C2CC3CN(C2)CC31,inactive,10000.0
CHEMBL1729,COc1cc(N)c(Cl)cc1C(=O)NC1CCN(CCCOc2ccc(F)cc2)CC1OC,active,227.0
CHEMBL202434,O=C(NC[C@@H]1CCN2CCC[C@@H]12)c1cc(Cl)cn2ccnc12,inactive,10000.0
CHEMBL372312,CCC[C@@H](C(=O)c1ccc(C)cc1)N1CCCC1,inactive,10000.0
CHEMBL377498,CCC(CC(=O)c1ccc(Cl)c(Cl)c1)N1CCCC1,inactive,10000.0
CHEMBL202939,CCC(CC(=O)c1ccc(C)cc1)N1CCCC1,inactive,10000.0
CHEMBL369997,CCCC(C(=O)c1ccc(-c2cccs2)cc1)N1CCCC1,inactive,10000.0
CHEMBL204759,CCCC(C(=O)c1ccc2ccccc2c1)N1CCCC1,inactive,10000.0
CHEMBL204254,CCCC(C(=O)c1cccc(C)c1)N1CCCC1,inactive,10000.0
CHEMBL203403,CCCC(C(=O)c1ccccc1C)N1CCCC1,inactive,10000.0
CHEMBL204490,CCCC(C(=O)c1ccc(C(F)(F)F)cc1)N1CCCC1,inactive,10000.0
CHEMBL379679,CCCC(C(=O)c1ccc(NC(C)=O)cc1)N1CCCC1,inactive,10000.0
CHEMBL381127,CCCC(C(=O)c1ccc(OC)cc1)N1CCCC1,inactive,10000.0
CHEMBL379446,CCCC(C(=O)c1ccc([N+](=O)[O-])cc1)N1CCCC1,inactive,10000.0
CHEMBL203563,CCCC(C(=O)c1ccc(O)cc1)N1CCCC1,inactive,10000.0
CHEMBL202420,CCCC(C(=O)c1ccc(Br)cc1)N1CCCC1,inactive,10000.0
CHEMBL2113241,Cc1coc2ccc(N3C[C@@]4(CN5CCC4CC5)OC3=O)cc12,inactive,10000.0
CHEMBL377050,CO/N=C(\CCN1CCN(c2ccccn2)CC1)c1ccccc1,inactive,10000.0
CHEMBL213106,Cc1ccc(O)c(/C(CCN2CCN(c3ccccn3)CC2)=N/O)c1,inactive,10000.0
CHEMBL212075,Cc1ccc(OCc2ccccc2)c(/C(CCN2CCN(c3ccccn3)CC2)=N/O)c1,inactive,10000.0
CHEMBL214190,O/N=C(\CCN1CCN(c2ccccn2)CC1)c1ccc(F)cc1F,inactive,10000.0
CHEMBL385350,O/N=C(/CCN1CCN(c2ccccn2)CC1)c1ccccc1,inactive,10000.0
CHEMBL214954,O/N=C(\CCN1CCN(c2ccccn2)CC1)c1ccccc1Cl,inactive,10000.0
CHEMBL385230,O/N=C(/CCN1CCN(c2ccccn2)CC1)c1ccccc1Cl,inactive,10000.0
CHEMBL215849,Cc1ccccc1/C(CCN1CCN(c2ccccn2)CC1)=N/O,inactive,10000.0
CHEMBL214440,Cc1ccccc1/C(CCN1CCN(c2ccccn2)CC1)=N\O,inactive,10000.0
CHEMBL212188,O/N=C(\CCN1CCN(c2ccccn2)CC1)c1cccc(F)c1,inactive,10000.0
CHEMBL212189,O/N=C(\CCN1CCN(c2ccccn2)CC1)c1cccc(Cl)c1,inactive,10000.0
CHEMBL212298,Cc1cccc(/C(CCN2CCN(c3ccccn3)CC2)=N/O)c1,inactive,10000.0
CHEMBL212847,N#Cc1cccc(/C(CCN2CCN(c3ccccn3)CC2)=N/O)c1,inactive,10000.0
CHEMBL212902,O/N=C(\CCN1CCN(c2ccccn2)CC1)c1ccc(F)cc1,inactive,10000.0
CHEMBL384529,O/N=C(\CCN1CCN(c2ccccn2)CC1)c1ccc(Cl)cc1,inactive,10000.0
CHEMBL214343,O/N=C(\CCN1CCN(c2ccccn2)CC1)c1cc(F)cc(F)c1,inactive,10000.0
CHEMBL211985,Cc1cc(C)cc(/C(CCN2CCN(c3ccccn3)CC2)=N/O)c1,inactive,10000.0
CHEMBL385826,CO/N=C(/CCN1CCN(c2ccccn2)CC1)c1ccccc1,inactive,10000.0
CHEMBL212782,CCO/N=C(\CCN1CCN(c2ccccn2)CC1)c1ccccc1,inactive,10000.0
CHEMBL213572,CCO/N=C(/CCN1CCN(c2ccccn2)CC1)c1ccccc1,inactive,10000.0
CHEMBL212831,CCCO/N=C(\CCN1CCN(c2ccccn2)CC1)c1ccccc1,inactive,10000.0
CHEMBL261957,CCCCO/N=C(\CCN1CCN(c2ccccn2)CC1)c1ccccc1,inactive,10000.0
CHEMBL376639,CC(C)O/N=C(\CCN1CCN(c2ccccn2)CC1)c1ccccc1,inactive,10000.0
CHEMBL213700,C=CCO/N=C(\CCN1CCN(c2ccccn2)CC1)c1ccccc1,inactive,10000.0
CHEMBL376955,N#CCO/N=C(\CCN1CCN(c2ccccn2)CC1)c1ccccc1,inactive,10000.0
CHEMBL411545,CCO/N=C(\CCN1CCN(c2cccc(OC)c2)CC1)c1ccccc1,inactive,10000.0
CHEMBL212607,CCO/N=C(\CCN1CCN(c2ccccc2OC)CC1)c1ccccc1,inactive,10000.0
CHEMBL386867,CCO/N=C(\CCN1CCN(c2ccccc2C#N)CC1)c1ccccc1,inactive,10000.0
CHEMBL213246,CCO/N=C(\CCN1CCN(c2ccccc2)CC1)c1ccccc1,inactive,10000.0
CHEMBL215670,N#Cc1cccnc1N1CCN(CC/C(=N\O)c2ccccc2)CC1,inactive,10000.0
CHEMBL438961,N#Cc1cccnc1N1CCN(CC/C(=N/O)c2ccccc2)CC1,inactive,10000.0
CHEMBL211972,O/N=C(\CCN1CCN(c2ncccn2)CC1)c1ccccc1,inactive,10000.0
CHEMBL212804,O/N=C(/CCN1CCN(c2ncccn2)CC1)c1ccccc1,inactive,10000.0
CHEMBL212545,O/N=C(\CCN1CCN(c2nccs2)CC1)c1ccccc1,inactive,10000.0
CHEMBL215569,CO/N=C(\CCN1CCN(c2ccccn2)CC1)c1ccc(Cl)c(C)c1,inactive,10000.0
CHEMBL213558,CO/N=C(/CCN1CCN(c2ccccn2)CC1)c1ccc(Cl)c(Cl)c1,inactive,10000.0
CHEMBL378324,CO/N=C(\CCN1CCN(c2ccccn2)CC1)c1ccc(Cl)c(Cl)c1,inactive,10000.0
CHEMBL214203,CCO/N=C(\CCN1CCN(c2ccc(OC)cc2)CC1)c1ccccc1,inactive,10000.0
CHEMBL215704,CCO/N=C(\CCN1CCN(c2cccc(OCC)c2)CC1)c1ccccc1,inactive,10000.0
CHEMBL2113243,CO/N=C(\CCN1CCN(c2ccccc2OC(C)C)CC1)c1ccc(F)cc1,inactive,10000.0
CHEMBL2113244,CO/N=C(/CCN1CCN(c2ccccc2OC(C)C)CC1)c1ccc(F)cc1,inactive,10000.0
CHEMBL213398,CCO/N=C(\CCN1CCN(c2ncccc2C#N)CC1)c1ccccc1,inactive,10000.0
CHEMBL379597,CCO/N=C(\CCN1CCN(c2ncccc2C)CC1)c1ccccc1,inactive,10000.0
CHEMBL377023,CCO/N=C(\CCN1CCN(c2ncccn2)CC1)c1ccccc1,inactive,10000.0
CHEMBL377388,CCO/N=C(\CCN1CCN(c2nccs2)CC1)c1ccccc1,inactive,10000.0
CHEMBL212073,CO/N=C(\CCN1CCN(c2ccccn2)CC1)c1ccccc1Cl,inactive,10000.0
CHEMBL212290,CO/N=C(/CCN1CCN(c2ccccn2)CC1)c1ccccc1Cl,inactive,10000.0
CHEMBL437687,CO/N=C(\CCN1CCN(c2ccccn2)CC1)c1ccccc1C,inactive,10000.0
CHEMBL213486,CO/N=C(/CCN1CCN(c2ccccn2)CC1)c1ccccc1C,inactive,10000.0
CHEMBL212872,CO/N=C(/CCN1CCN(c2ccccn2)CC1)c1ccc(Br)cc1,inactive,10000.0
CHEMBL377585,CO/N=C(\CCN1CCN(c2ccccn2)CC1)c1ccc(Br)cc1,inactive,10000.0
CHEMBL212236,CO/N=C(/CCN1CCN(c2ccccn2)CC1)c1ccc(Cl)cc1,inactive,10000.0
CHEMBL212235,CO/N=C(\CCN1CCN(c2ccccn2)CC1)c1ccc(Cl)cc1,inactive,10000.0
CHEMBL427048,CO/N=C(/CCN1CCN(c2ccccn2)CC1)c1ccc(F)cc1,inactive,10000.0
CHEMBL426510,CO/N=C(\CCN1CCN(c2ccccn2)CC1)c1cccc(F)c1,inactive,10000.0
CHEMBL213164,CO/N=C(/CCN1CCN(c2ccccn2)CC1)c1cccc(F)c1,inactive,10000.0
CHEMBL212784,CO/N=C(\CCN1CCN(c2ccccn2)CC1)c1cccc(Cl)c1,inactive,10000.0
CHEMBL211930,CO/N=C(/CCN1CCN(c2ccccn2)CC1)c1cccc(Cl)c1,inactive,10000.0
CHEMBL212861,CO/N=C(\CCN1CCN(c2ccccn2)CC1)c1cccc(C)c1,inactive,10000.0
CHEMBL212903,CO/N=C(/CCN1CCN(c2ccccn2)CC1)c1cccc(C)c1,inactive,10000.0
CHEMBL437493,CO/N=C(\CCN1CCN(c2ccccn2)CC1)c1cccc(C#N)c1,inactive,10000.0
CHEMBL211836,CO/N=C(/CCN1CCN(c2ccccn2)CC1)c1cccc(C#N)c1,inactive,10000.0
CHEMBL212969,CO/N=C(\CCN1CCN(c2ccccn2)CC1)c1ccc(F)cc1,inactive,10000.0
CHEMBL213518,O/N=C(/CCN1CCN(c2ccccn2)CC1)c1cc(F)cc(F)c1,inactive,10000.0
CHEMBL45244,Cc1cccc(C(=O)NCN2CCN(c3ccccc3C#N)CC2)c1,inactive,10000.0
CHEMBL209645,CO/N=C(/CCCN1CCN(c2ccccn2)CC1)c1ccc(F)cc1,inactive,10000.0
CHEMBL212901,CCO/N=C1/c2ccccc2CCC1CN1CCN(c2ccccn2)CC1,inactive,10000.0
CHEMBL378302,CO/N=C(/c1cccnc1)C(O)CN1CCN(c2ccccn2)CC1,inactive,10000.0
CHEMBL211360,CO/N=C(/c1ccc(Cl)cc1)C(COC(C)C)CN1CCN(c2ccccn2)CC1,inactive,10000.0
CHEMBL212288,CO/N=C(/c1ccc(Cl)cc1)C(CNOC)CN1CCN(c2ccccn2)CC1,inactive,10000.0
CHEMBL213004,CO/N=C(/c1ccc(Cl)cc1)C(C)CN1CCN(c2ccccn2)CC1,inactive,10000.0
CHEMBL212028,COC(CN1CCN(c2ccccn2)CC1)/C(=N\O)c1cccc(C)c1,inactive,10000.0
CHEMBL211623,COC(CN1CCN(c2ccccn2)CC1)/C(=N/O)c1cccc(C)c1,inactive,10000.0
CHEMBL215723,Cc1cccc(/C(=N/O)C(O)CN2CCN(c3ccccn3)CC2)c1,inactive,10000.0
CHEMBL211463,Cc1cccc(/C(=N\O)C(O)CN2CCN(c3ccccn3)CC2)c1,inactive,10000.0
CHEMBL212490,CO/N=C(/c1ccc(Cl)cc1)C(CN1CCN(c2ccccn2)CC1)OC,inactive,10000.0
CHEMBL213208,CO/N=C(\c1ccc(Cl)cc1)C(CN1CCN(c2ccccn2)CC1)OC,inactive,10000.0
CHEMBL441529,CO/N=C(/c1ccc(Cl)cc1)C(O)CN1CCN(c2ccccn2)CC1,inactive,10000.0
CHEMBL214247,CO/N=C(\c1ccc(Cl)cc1)C(O)CN1CCN(c2ccccn2)CC1,inactive,10000.0
CHEMBL213828,CO/N=C(\CCCN1CCN(c2ccccn2)CC1)c1ccc(F)cc1,inactive,10000.0
CHEMBL211415,O/N=C(/CCCN1CCN(c2ccccn2)CC1)c1ccc(F)cc1,inactive,10000.0
CHEMBL209447,O/N=C(\CCCN1CCN(c2ccccn2)CC1)c1ccc(F)cc1,inactive,10000.0
CHEMBL212891,CO/N=C(\CN1CCN(c2ccccn2)CC1)c1ccc(F)cc1,inactive,10000.0
CHEMBL378427,O/N=C(\CN1CCN(c2ccccn2)CC1)c1ccc(F)cc1,inactive,10000.0
CHEMBL212595,CO/N=C(/CN1CCN(c2ccccn2)CC1)c1ccc(F)cc1,inactive,10000.0
CHEMBL211732,CO/N=C(\CCN1CCN(c2ccccn2)CC1)c1cc(F)cc(F)c1,inactive,10000.0
CHEMBL215705,CO/N=C(/CCN1CCN(c2ccccn2)CC1)c1cc(F)cc(F)c1,inactive,10000.0
CHEMBL377794,CO/N=C(\CCN1CCN(c2ccccn2)CC1)c1cc(C)cc(C)c1,inactive,10000.0
CHEMBL212393,CO/N=C(/CCN1CCN(c2ccccn2)CC1)c1cc(C)cc(C)c1,inactive,10000.0
CHEMBL209759,CO/N=C(\CCN1CCN(c2ccccn2)CC1)c1ccc(Cl)cc1Cl,inactive,10000.0
CHEMBL211829,CO/N=C(/CCN1CCN(c2ccccn2)CC1)c1ccc(Cl)cc1Cl,inactive,10000.0
CHEMBL378576,CO/N=C(\CCN1CCN(c2ccccn2)CC1)c1ccc(F)c(Cl)c1,inactive,10000.0
CHEMBL211902,CO/N=C(/CCN1CCN(c2ccccn2)CC1)c1ccc(F)c(Cl)c1,inactive,10000.0
CHEMBL215450,CO/N=C(/CCN1CCN(c2ccccn2)CC1)c1ccc(Cl)c(C)c1,inactive,10000.0
CHEMBL212444,CO/N=C(\CCN1CCN(c2ccccn2)CC1)c1ccc(C)c(C)c1,inactive,10000.0
CHEMBL215678,CO/N=C(/CCN1CCN(c2ccccn2)CC1)c1ccc(C)c(C)c1,inactive,10000.0
CHEMBL212291,CO/N=C(/CCN1CCN(c2ccccn2)CC1)c1cccnc1,inactive,10000.0
CHEMBL212292,CO/N=C(\CCN1CCN(c2ccccn2)CC1C)c1ccc(Cl)cc1,inactive,10000.0
CHEMBL214197,CO/N=C(/CCN1CCN(c2ccccn2)CC1C)c1ccc(Cl)cc1,inactive,10000.0
CHEMBL210101,CO/N=C(\CCN1CCC(c2ccccn2)CC1)c1ccc(Cl)cc1,inactive,10000.0
CHEMBL437532,CO/N=C(/CCN1CCC(c2ccccn2)CC1)c1ccc(Cl)cc1,inactive,10000.0
CHEMBL213097,CO/N=C(\CCN1CCC(c2cccc[n+]2[O-])CC1)c1ccc(Cl)cc1,inactive,10000.0
CHEMBL379546,CO/N=C(/CCN1CCC(c2cccc[n+]2[O-])CC1)c1ccc(Cl)cc1,inactive,10000.0
CHEMBL211831,CO/N=C(\CCN1CCCC(c2ccccn2)C1)c1ccc(Cl)cc1,inactive,10000.0
CHEMBL209472,O/N=C(/CN1CCN(c2ccccn2)CC1)c1ccc(F)cc1,inactive,10000.0
CHEMBL214314,O/N=C(\CCN1CCN(c2ccccn2)CC1)c1ccccc1,inactive,10000.0
CHEMBL216228,Cc1nc(N2CCCC2)nc2ccc(NC(=O)COc3ccc(Cl)cc3)cc12,inactive,100000.0
CHEMBL300780,O=C(NCCCCN1CCN(c2cccc(Cl)c2Cl)CC1)c1ccc2c(c1)Cc1ccccc1-2,intermediate,1280.0
CHEMBL244989,COc1ccccc1N1CCN(C/C=C/CNC(=O)c2ccc3c(c2)Cc2ccccc2-3)CC1,active,179.0
CHEMBL394541,COc1ccccc1N1CCN(C/C=C/CNC(=O)c2ccc(-c3ccccn3)cc2)CC1,active,175.0
CHEMBL244774,O=C(NC/C=C/CN1CCN(c2cccc(Cl)c2Cl)CC1)c1ccc(-c2cccc[n+]2[O-])cc1,active,22.9
CHEMBL244773,Cc1cccnc1-c1ccc(C(=O)NC/C=C/CN2CCN(c3cccc(Cl)c3Cl)CC2)cc1,active,368.0
CHEMBL398175,Cc1cccc(-c2ccc(C(=O)NC/C=C/CN3CCN(c4cccc(Cl)c4Cl)CC3)cc2)n1,intermediate,1300.0
CHEMBL244562,O=C(NC/C=C/CN1CCN(c2cccc(Cl)c2Cl)CC1)c1ccc(-c2cccc(=O)[nH]2)cc1,active,41.0
CHEMBL241973,COc1ccccc1N1CCN(CCCCNC(=O)c2ccc(-c3ccccn3)cc2)CC1,active,107.0
CHEMBL110365,COc1ccccc1N1CCN(CCCCNC(=O)c2ccc3c(c2)Cc2ccccc2-3)CC1,active,224.0
CHEMBL180010,O=C(NC/C=C/CN1CCN(c2cccc(Cl)c2Cl)CC1)c1ccc(-c2ccccn2)cc1,active,80.9
CHEMBL231156,O=C(NC[C@H]1C[C@@H]1CN1CCN(c2cccc(Cl)c2Cl)CC1)c1ccc(-c2ccccn2)cc1,active,672.0
CHEMBL390253,O=C(NCC(O)CCN1CCN(c2cccc(Cl)c2Cl)CC1)c1ccc(-c2ccccn2)cc1,active,88.3
CHEMBL399203,O=[N+]([O-])c1cc(O)c2c(c1)S(=O)(=O)N=C(Nc1ccccc1Oc1ccccc1)N2,intermediate,3200.0
CHEMBL250689,CC(=O)c1cccc(NC(=O)N[C@@H]2CCCC[C@H]2CN2CCC[C@@H](Cc3ccc(F)cc3)C2)c1,active,1000.0
CHEMBL249854,CC(=O)c1sc(NC(=O)N[C@@H]2CN(C(C)=O)CC[C@H]2CN2CCC[C@@H](Cc3ccc(F)cc3)C2)nc1C,active,640.0
CHEMBL220808,Fc1ccc(-c2cncc(CNC[C@H]3CCc4ccccc4O3)c2)cc1,active,6.0
CHEMBL273041,c1ccc(CCCN2CCN(Cc3ccccc3)CC2)cc1,active,100.0
CHEMBL259415,Cc1cccc(N2CCN(CCCC(=O)NCc3nc4ccccc4c(=O)n3-c3ccccc3)CC2)c1C,intermediate,6900.0
CHEMBL261102,Cc1cccc(N2CCN(CCCC(=O)NCc3nc4cc(F)ccc4c(=O)n3-c3ccccc3)CC2)c1C,intermediate,1500.0
CHEMBL261019,O=C(CCCN1CCN(c2cccc(C(F)(F)F)c2)CC1)NCc1nc2cc(F)ccc2c(=O)n1-c1ccccc1,intermediate,6600.0
CHEMBL261434,Cc1cccc(N2CCN(CCCC(=O)NCc3nc4ccc(F)cc4c(=O)n3-c3ccccc3)CC2)c1C,intermediate,4000.0
CHEMBL259776,COc1ccccc1N1CCN(CCCC(=O)NCc2nc3ccc(F)cc3c(=O)n2-c2ccccc2)CC1,intermediate,5300.0
CHEMBL260907,CCOc1ccccc1N1CCN(CCCC(=O)NCc2nc3ccc(F)cc3c(=O)n2-c2ccccc2)CC1,active,1000.0
CHEMBL259199,CCOc1ccccc1N1CCN(CCCC(=O)NCc2nc3cc(F)ccc3c(=O)n2-c2ccc(OC)cc2)CC1,intermediate,1500.0
CHEMBL406221,CCOc1ccccc1N1CCN(CCCC(=O)NCc2nc3ccc(F)cc3c(=O)n2-c2ccc(OC)cc2)CC1,active,140.0
CHEMBL250699,COc1cc(NC(=O)c2ccc(-c3ccc(Cl)cc3)o2)cc(OC)c1,inactive,10000.0
CHEMBL392158,C=CCN1CCC[C@H]1CNC(=O)c1cc(CCCF)cc(OC)c1OC,active,5.0
CHEMBL502017,C=CCN1CCC[C@H]1CNC(=O)c1cc(CCCCl)cc(OC)c1OC,active,17.1
CHEMBL496739,Cc1cccc(N2CCN(CCCCNC(=O)c3cc4ccccc4o3)CC2)c1,active,584.0
CHEMBL496739,Cc1cccc(N2CCN(CCCCNC(=O)c3cc4ccccc4o3)CC2)c1,intermediate,1240.0
CHEMBL503468,O=C(Nc1ccc2[nH]cc(C3CCN(CCCCCCCN4CCC(c5c[nH]c6ccc(NC(=O)c7ccc(F)cc7)cc56)CC4)CC3)c2c1)c1ccc(F)cc1,active,700.0
CHEMBL3084502,O[C@]1(c2ccc(Cl)cc2)C[C@H]2CC[C@@H](C1)N2Cc1c[nH]c2ccccc12,active,48.3
CHEMBL445102,OC1(c2ccc(Cl)cc2)CCN(Cc2c[nH]c3ccccc23)CC1,active,4.46
CHEMBL3084515,O[C@@]1(c2ccc(Cl)cc2)C[C@H]2CC[C@@H](C1)N2Cc1coc2ccccc12,active,1.92
CHEMBL3084512,O[C@@]1(c2ccc(Cl)cc2)C[C@H]2CC[C@@H](C1)N2Cc1csc2ccccc12,active,26.2
CHEMBL3084503,O[C@@]1(c2ccc(Cl)c(Cl)c2)C[C@H]2CC[C@@H](C1)N2Cc1c[nH]c2ccccc12,active,210.0
CHEMBL461571,Cc1c(C(=O)c2ccc(Cl)cc2)c2ccc(OC(F)(F)F)cc2n1Cc1cccc(O[C@H](C)C(=O)O)c1,intermediate,3550.0
CHEMBL522460,Cc1ccccc1CN1CCC(N2CCC(n3c(=O)[nH]c4ccccc43)CC2)CC1,intermediate,5100.0
CHEMBL486758,O=c1[nH]c2c(F)cccc2n1C1CCN(C2CCN(S(=O)(=O)c3ccccc3)CC2)CC1,inactive,10000.0
CHEMBL485755,O=c1[nH]c2cc(F)ccc2n1C1CCN(C2CCN(S(=O)(=O)c3ccccc3)CC2)CC1,intermediate,3600.0
CHEMBL485953,O=c1[nH]c2ccc(F)cc2n1C1CCN(C2CCN(S(=O)(=O)c3ccccc3)CC2)CC1,inactive,10000.0
CHEMBL521030,O=c1[nH]c2cc(Cl)ccc2n1C1CCN(C2CCN(S(=O)(=O)c3ccccc3)CC2)CC1,intermediate,2300.0
CHEMBL487984,O=c1[nH]c2cc(Br)ccc2n1C1CCN(C2CCN(S(=O)(=O)c3ccccc3)CC2)CC1,intermediate,2700.0
CHEMBL487788,O=C(Nc1cccc(SC(F)(F)F)c1)N1CCC(N2CCC(n3c(=O)[nH]c4c(F)cccc43)CC2)CC1,intermediate,1100.0
CHEMBL487985,O=C(Nc1cccc(SC(F)(F)F)c1)N1CCC(N2CCC(n3c(=O)[nH]c4ccc(F)cc43)CC2)CC1,intermediate,1900.0
CHEMBL487986,O=C(Nc1cccc(SC(F)(F)F)c1)N1CCC(N2CCC(n3c(=O)[nH]c4cc(Cl)ccc43)CC2)CC1,inactive,10000.0
CHEMBL1255588,CC(C)(C)[C@@]1(O)CCN2C[C@@H]3c4ccccc4CCc4cccc(c43)[C@H]2C1,active,8.7
CHEMBL522460,Cc1ccccc1CN1CCC(N2CCC(n3c(=O)[nH]c4ccccc43)CC2)CC1,intermediate,2650.0
CHEMBL478034,O=c1[nH]c2ccccc2n1C1CCN(C2CCN(Cc3ccccc3[N+](=O)[O-])CC2)CC1,intermediate,1130.0
CHEMBL477821,O=c1[nH]c2ccccc2n1C1CCN(C2CCN(Cc3ccccc3Cl)CC2)CC1,intermediate,2060.0
CHEMBL491209,CCOC(=O)N1CCC(N2CCC(n3c(=O)[nH]c4ccccc43)CC2)CC1,inactive,10000.0
CHEMBL491818,O=c1[nH]c2ccc(F)cc2n1C1CCN(C2CCN(Cc3ccccc3C(F)(F)F)CC2)CC1,inactive,10000.0
CHEMBL489576,O=c1[nH]c2cc(F)ccc2n1C1CCN(C2CCN(Cc3ccccc3C(F)(F)F)CC2)CC1,intermediate,2690.0
CHEMBL521914,O=c1[nH]c2c(F)cccc2n1C1CCN(C2CCN(Cc3ccccc3C(F)(F)F)CC2)CC1,inactive,10000.0
CHEMBL490797,Cc1ccccc1CN1CCC(N2CCC(n3c(=O)[nH]c4ccc(F)cc43)CC2)CC1,inactive,10000.0
CHEMBL490598,Cc1ccccc1CN1CCC(N2CCC(n3c(=O)[nH]c4c(F)cccc43)CC2)CC1,inactive,10000.0
CHEMBL475306,COCCN(CCOC)c1nc(C)nc2c(-c3ccc(OC)cc3C)c(C)nn12,active,1000.0
CHEMBL484158,CCC(CC)Nc1nc(C)nc2c(-c3cc(F)c(OC)cc3Cl)c(C)nn12,active,1000.0
CHEMBL483993,COCCN(CCOC)c1nc(C)nc2c(-c3cc(C)c(OC)cc3C)c(C)nn12,active,1000.0
CHEMBL506214,CC[C@@H](C)Nc1nc(C)nc2c(-c3c(C)cc(OC)cc3OC)c(C)nn12,active,1000.0
CHEMBL468176,Fc1ccc(-c2noc(C3CCN(c4cnc5ccc(Cl)cc5c4)CC3)n2)c(Cl)c1,inactive,50000.0
CHEMBL1255588,CC(C)(C)[C@@]1(O)CCN2C[C@@H]3c4ccccc4CCc4cccc(c43)[C@H]2C1,active,15.0
CHEMBL516452,O=C(Nc1ccc(Oc2cccnc2Cl)nc1)c1c[nH]c2ccccc12,inactive,10000.0
CHEMBL479952,O=C(Nc1ccc(Oc2cccnc2)nc1)c1c[nH]c2ccccc12,inactive,10000.0
CHEMBL519103,Cc1ccc2c(C(=O)Nc3ccc(Oc4cccnc4C)nc3)c[nH]c2c1,inactive,10000.0
CHEMBL480699,COc1ccc2[nH]cc(C(=O)Nc3ccc(Oc4cccnc4C)nc3)c2c1,inactive,10000.0
CHEMBL480127,Cc1ccc2[nH]cc(C(=O)Nc3ccc(Oc4cccnc4C)nc3)c2c1,inactive,10000.0
CHEMBL14460,Cc1cc2c(cc1C(F)(F)F)N(C(=O)Nc1ccc(Oc3cccnc3C)nc1)CC2,active,1000.0
CHEMBL582945,COc1ccccc1N1CCN(CCCn2cc(CCCCN3CCc4cc(O)c(O)cc4C(c4cccc(C)c4)C3)nn2)CC1,intermediate,1570.0
CHEMBL574700,COc1ccccc1N1CCN(CCCc2cn(CCCN3CCc4cc(O)c(O)cc4C(c4ccccc4C)C3)nn2)CC1,active,480.0
CHEMBL21343,CCN(CC)C(=O)[C@@H]1C=C2c3cccc4[nH]cc(c34)C[C@H]2NC1,inactive,10000.0
CHEMBL584554,CCN(CC)C(=O)[C@@H]1C=C2c3cccc4[nH]cc(c34)C[C@H]2N(C(=O)Nc2ccccc2)C1,intermediate,1590.0
CHEMBL576315,NCCn1cc(S(=O)(=O)c2ccccc2)c2cccnc21,intermediate,5000.0
CHEMBL571858,CN(C)CCn1cc(S(=O)(=O)c2cccc(F)c2)c2cccnc21,intermediate,5000.0
CHEMBL584046,CN(C)CCn1cc(S(=O)(=O)c2cccc(Cl)c2)c2cccnc21,intermediate,5000.0
CHEMBL565745,NCCn1cc(S(=O)(=O)c2cccc(Cl)c2)c2cccnc21,intermediate,5000.0
CHEMBL565552,CN(C)CCn1cc(S(=O)(=O)c2cccc3ccccc23)c2cccnc21,intermediate,5000.0
CHEMBL595449,CN(C)Cc1nc(-c2ccc(C(C)(C)C)cc2)n(-c2cccc(O)c2)n1,inactive,10000.0
CHEMBL1086626,Cc1[nH]c(-c2ccccc2)cc1C(=O)NCCCN1CCN(c2cccc(Cl)c2Cl)CC1,intermediate,1071.0
CHEMBL1086754,Cc1c(C(=O)NCCCN2CCN(c3cccc(Cl)c3Cl)CC2)cc(-c2ccccc2)n1C,intermediate,2542.0
CHEMBL1086756,CCCn1c(-c2ccccc2)cc(C(=O)NCCCN2CCN(c3cccc(Cl)c3Cl)CC2)c1C,intermediate,3736.0
CHEMBL1092929,O=C(CNC(=O)c1cccc(C(F)(F)F)c1)N[C@@H]1CCN(CCC2CCN(C(=O)c3ccccc3)CC2)C1,inactive,10000.0
CHEMBL1089881,O=C(CNC(=O)c1cccc(C(F)(F)F)c1)N[C@@H]1CCN(CCC2CCN(C(=O)c3ccccc3F)CC2)C1,inactive,10000.0
CHEMBL1092921,O=C(CNC(=O)c1cccc(C(F)(F)F)c1)N[C@@H]1CCN(CCC2CCN(C(=O)c3cc(F)ccc3F)CC2)C1,inactive,10000.0
CHEMBL1088874,O=C(CNC(=O)c1cccc(C(F)(F)F)c1)N[C@@H]1CCN(CCC2CCN(C(=O)c3ccccc3Cl)CC2)C1,inactive,10000.0
CHEMBL1093469,O=C(CNC(=O)c1cccc(C(F)(F)F)c1)N[C@@H]1CCN(CCN2CCN(C(=O)c3ccccc3)CC2)C1,inactive,10000.0
CHEMBL1092238,O=C(CNC(=O)c1cccc(C(F)(F)F)c1)N[C@@H]1CCN(CCN2CCN(C(=O)c3ccccc3Cl)CC2)C1,inactive,10000.0
CHEMBL1093802,O=C(CNC(=O)c1cccc(C(F)(F)F)c1)N[C@@H]1CCN(CCN2CCN(C(=O)c3ccccc3F)CC2)C1,inactive,10000.0
CHEMBL1089793,O=C(CNC(=O)c1cccc(C(F)(F)F)c1)N[C@@H]1CCN(CCN2CCN(C(=O)c3cc(F)ccc3F)CC2)C1,inactive,10000.0
CHEMBL1210154,C/C(=N\OC(=O)Nc1ccccc1)c1cccc(-c2cccs2)c1,inactive,10000.0
CHEMBL1222134,CC(C)N(c1cccc(N2CCN(C)CC2)c1)S(=O)(=O)c1ccc2ccccc2c1,inactive,10000.0
CHEMBL1222138,CC(C)N(c1cccc(N2CCN(C)CC2)c1)S(=O)(=O)c1ccccc1,inactive,10000.0
CHEMBL1222234,CC(C)N(c1cccc(N2CCN(C)CC2)c1)S(=O)(=O)c1cccc2ccccc12,inactive,10000.0
CHEMBL1222362,CN1CCN(c2cccc(N(C)S(=O)(=O)c3ccc4ccccc4c3)c2)CC1,inactive,10000.0
CHEMBL1222363,CCCN(c1cccc(N2CCN(C)CC2)c1)S(=O)(=O)c1ccc2ccccc2c1,inactive,10000.0
CHEMBL1222364,CCN(c1cccc(N2CCN(C)CC2)c1)S(=O)(=O)c1ccc2ccccc2c1,inactive,10000.0
CHEMBL1221449,CN1CCN(c2cccc(N(CC3CC3)S(=O)(=O)c3ccc4ccccc4c3)c2)CC1,inactive,10000.0
CHEMBL1221452,CN1CCN(c2cccc(N(Cc3ccccc3)S(=O)(=O)c3ccc4ccccc4c3)c2)CC1,inactive,10000.0
CHEMBL1221497,CN1CCN(c2cccc(NS(=O)(=O)c3ccc4ccccc4c3)c2)CC1,inactive,10000.0
CHEMBL1082723,C[C@H]1Cc2c([nH]c3cc(Cl)c(F)cc23)[C@@]2(N1)C(=O)Nc1ccc(Cl)cc12,inactive,10000.0
CHEMBL1276708,CCN1CCC[C@H]1CNC(=O)c1c(Cl)c(Cl)cc(O)c1OC,active,32.36
CHEMBL1276709,CCN1CCC[C@H]1CNC(=O)c1c(Cl)c(OC)cc(O)c1OC,active,70.79
CHEMBL1276738,CCN1CCC[C@H]1CNC(=O)c1c(OC)ccc(Br)c1Br,active,7.943
CHEMBL1276739,CCc1ccc(OC)c(C(=O)NC[C@@H]2CCCN2CC)c1Br,active,10.96
CHEMBL23464,CCN1CCC[C@H]1CNC(=O)c1c(OC)ccc(I)c1OC,active,0.6761
CHEMBL1276763,CCCc1cc(O)c(OC)c(C(=O)NC[C@@H]2CCCN2CC)c1C,active,5.012
CHEMBL1276764,CCCc1c(Cl)cc(O)c(OC)c1C(=O)NC[C@@H]1CCCN1CC,active,109.65
CHEMBL1276765,CCc1ccc(O)c(OC)c1C(=O)NC[C@@H]1CCCN1CC,active,123.03
CHEMBL1276325,CCN1CCC[C@H]1CNC(=O)c1c(OC)c(O)cc(I)c1OC,active,0.2884
CHEMBL1276326,CCN1CCC[C@H]1CNC(=O)c1c(OC)ccc(SC)c1OC,active,1.096
CHEMBL1276327,CCc1cc(O)c(OC)c(C(=O)NC[C@@H]2CCCN2CC)c1OC,active,1.288
CHEMBL1276350,CCCCc1ccc(OC)c(C(=O)NC[C@@H]2CCCN2CC)c1OC,active,2.692
CHEMBL1276351,CCCc1ccc(OC)c(C(=O)NC[C@@H]2CCCN2CC)c1,active,67.61
CHEMBL1276238,CCN1CCC[C@H]1CNC(=O)c1cc(Cl)ccc1OC,active,257.04
CHEMBL1276352,CCN1CCC[C@H]1CNC(=O)c1c(OC)ccc(Cl)c1Cl,active,19.95
CHEMBL1276374,CCN1CCC[C@H]1CNC(=O)c1c(OC)ccc(Cl)c1Br,active,5.623
CHEMBL1276268,CCN1CCC[C@H]1CNC(=O)c1cc(Br)ccc1OC,active,45.71
CHEMBL22242,CCN1CCC[C@H]1CNC(=O)c1c(OC)ccc(Br)c1OC,active,1.202
CHEMBL1276375,CCc1ccc(OC)c(C(=O)NC[C@@H]2CCCN2CC)c1Cl,active,4.169
CHEMBL1276399,CCN1CCC[C@H]1CNC(=O)c1c(Cl)ccc(O)c1OC,active,64.57
CHEMBL1276400,CCN1CCC[C@H]1CNC(=O)c1c(OC)ccc(O)c1OC,active,8.71
CHEMBL1276401,CCN1CCC[C@H]1CNC(=O)c1cc(F)cc(O)c1OC,active,363.08
CHEMBL1276426,CCN1CCC[C@H]1CNC(=O)c1cc(Cl)cc(O)c1OC,active,38.9
CHEMBL1276427,CCN1CCC[C@H]1CNC(=O)c1c(Br)c(Cl)cc(O)c1OC,active,57.54
CHEMBL1276428,CCc1c(Cl)cc(O)c(OC)c1C(=O)NC[C@@H]1CCCN1CC,active,12.02
CHEMBL1276459,CCN1CCC[C@H]1CNC(=O)c1cc(Br)cc(O)c1OC,active,8.318
CHEMBL1276460,CCN1CCC[C@H]1CNC(=O)c1c(Cl)c(Br)cc(O)c1OC,active,16.98
CHEMBL1276461,CCN1CCC[C@H]1CNC(=O)c1c(Br)c(Br)cc(O)c1OC,active,25.7
CHEMBL1276494,CCN1CCC[C@H]1CNC(=O)c1c(OC)c(O)cc(Br)c1OC,active,1.413
CHEMBL1276495,CCN1CCC[C@H]1CNC(=O)c1c(OC)c(O)cc(Br)c1[N+](=O)[O-],active,186.21
CHEMBL1276496,CCN1CCC[C@H]1CNC(=O)c1cc(I)cc(O)c1OC,active,3.02
CHEMBL1276527,CCN1CCC[C@H]1CNC(=O)c1c(Cl)c(C)cc(O)c1OC,active,25.7
CHEMBL1276528,CCN1CCC[C@H]1CNC(=O)c1c(C)c(C)cc(O)c1OC,active,7.762
CHEMBL1276529,CCc1cc(O)c(OC)c(C(=O)NC[C@@H]2CCCN2CC)c1,active,2.884
CHEMBL1276559,CCc1cc(O)c(OC)c(C(=O)NC[C@@H]2CCCN2CC)c1F,active,1.514
CHEMBL1276560,CCc1cc(O)c(OC)c(C(=O)NC[C@@H]2CCCN2CC)c1Cl,active,0.912
CHEMBL1276561,CCc1cc(O)c(OC)c(C(=O)NC[C@@H]2CCCN2CC)c1Br,active,2.291
CHEMBL1276585,CCCc1cc(O)c(OC)c(C(=O)NC[C@@H]2CCCN2CC)c1,active,0.5012
CHEMBL1276586,CCN1CCC[C@H]1CNC(=O)c1cc(OC)cc(O)c1OC,active,204.17
CHEMBL1276587,CCN1CCC[C@H]1CNC(=O)c1c(Br)c(OC)cc(O)c1OC,active,67.61
CHEMBL283099,CCN1CCC[C@H]1CNC(=O)c1c(OC)ccc(Br)c1O,active,10.0
CHEMBL1276615,CCCc1cc(O)c(OC)c(C(=O)NC[C@@H]2CCCN2CC)c1Cl,active,3.236
CHEMBL1276616,CCN1CCC[C@H]1CNC(=O)c1c(Br)c(C)cc(O)c1OC,active,5.495
CHEMBL1276645,CCN1CCC[C@H]1CNC(=O)c1c(OC)ccc(C)c1OC,active,5.248
CHEMBL1276646,CCc1c(Br)cc(O)c(OC)c1C(=O)NC[C@@H]1CCCN1CC,active,16.98
CHEMBL1276647,CCc1cc(O)c(OC)c(C(=O)NC[C@@H]2CCCN2CC)c1CC,active,1.778
CHEMBL282925,CCc1ccc(OC)c(C(=O)NC[C@@H]2CCCN2CC)c1OC,active,1.288
CHEMBL282024,CCN1CCC[C@H]1CNC(=O)c1c(OC)cccc1OC,active,52.48
CHEMBL1276677,CCc1ccc(OC)c(C(=O)NC[C@@H]2CCCN2CC)c1,active,39.81
CHEMBL1276269,CCN1CCC[C@H]1CNC(=O)c1cccc(O)c1OC,active,316.23
CHEMBL1276710,CCN1CCC[C@H]1CNC(=O)c1c(Br)ccc(O)c1OC,active,56.23
CHEMBL1276711,CCN1CCC[C@H]1CNC(=O)c1c(C)c(Cl)cc(O)c1OC,active,10.96
CHEMBL1276712,CCN1CCC[C@H]1CNC(=O)c1c(OC)c(O)cc(Cl)c1OC,active,1.698
CHEMBL1276740,CCN1CCC[C@H]1CNC(=O)c1c(F)c(Br)cc(O)c1OC,active,7.079
CHEMBL1276741,CCN1CCC[C@H]1CNC(=O)c1c(C)c(Br)cc(O)c1OC,active,10.96
CHEMBL1276742,CCN1CCC[C@H]1CNC(=O)c1cc(C)cc(O)c1OC,active,19.05
CHEMBL1276766,CCCc1c(C)cc(O)c(OC)c1C(=O)NC[C@@H]1CCCN1CC,active,141.25
CHEMBL1276767,CCN1CCC[C@H]1CNC(=O)c1cc([N+](=O)[O-])cc(O)c1OC,intermediate,3019.95
CHEMBL1275709,CN(C)[C@@H]1CC[C@H](c2c[nH]c3ccc(C#N)cc23)C1,inactive,30000.0
CHEMBL1275791,CN(C)[C@H]1CC[C@@H](c2c[nH]c3ccc(F)cc23)C1,inactive,30000.0
CHEMBL1278088,Nn1c(CCCCN2CCN(c3ccc4ccccc4n3)CC2)nc2c(c1=O)CCCC2,active,100.0
CHEMBL1278088,Nn1c(CCCCN2CCN(c3ccc4ccccc4n3)CC2)nc2c(c1=O)CCCC2,active,1000.0
CHEMBL1642116,CN1CCN(c2ccc3c(c2)N(S(=O)(=O)c2ccc4ccccc4c2)CCC3=O)CC1,inactive,10000.0
CHEMBL1642117,CN1CCN(c2cccc3c2C(=O)CCN3S(=O)(=O)c2ccc3ccccc3c2)CC1,inactive,10000.0
CHEMBL1642118,CC1CC(=O)c2ccc(N3CCN(C)CC3)cc2N1S(=O)(=O)c1ccc2ccccc2c1,active,136.0
CHEMBL1642123,CC1CC(=O)c2c(N3CCN(C)CC3)cccc2N1S(=O)(=O)c1ccc2ccccc2c1,inactive,10000.0
CHEMBL1642126,CCC1CC(=O)c2c(N3CCN(C)CC3)cccc2N1S(=O)(=O)c1ccc2ccccc2c1,active,1000.0
CHEMBL1642128,Cc1cc(N2CCN(C)CC2)c2c(c1)N(S(=O)(=O)c1ccc3ccccc3c1)C(C)CC2=O,intermediate,1784.0
CHEMBL1255588,CC(C)(C)[C@@]1(O)CCN2C[C@@H]3c4ccccc4CCc4cccc(c43)[C@H]2C1,active,12.0
CHEMBL1774533,COc1ccc2oc(C(=O)NCCC(F)CN3CCN(c4cccc(Cl)c4Cl)CC3)cc2c1,intermediate,1600.0
CHEMBL1774538,COc1ccccc1N1CCN(CC(F)CCNC(=O)c2cc3ccccc3s2)CC1,active,421.0
CHEMBL26,CCN1CCCC1CNC(=O)c1cc(S(N)(=O)=O)ccc1OC,active,10.28
CHEMBL521582,CCCN(CCC)CCc1ccc(OC)c(OCCc2ccccc2)c1.Cl,inactive,10000.0
CHEMBL1807825,CCOc1ccc(CCNCCCSCCNC[C@H](O)c2ccc(O)c3[nH]c(=O)sc23)cc1,intermediate,3981.07
CHEMBL1807824,CCc1ccc(CCNCCCSCCNC[C@H](O)c2ccc(O)c3[nH]c(=O)sc23)cc1,intermediate,2511.89
CHEMBL1807823,O=c1[nH]c2c(O)ccc([C@@H](O)CNCCSCCCNCCc3ccccc3)c2s1,intermediate,3981.07
CHEMBL1807822,O=c1[nH]c2c(O)ccc([C@@H](O)CNCCCOCCOCCc3cccc4ccccc34)c2s1,active,1000.0
CHEMBL1807821,O=c1[nH]c2c(O)ccc([C@@H](O)CNCCCOCCOCCc3ccccc3)c2s1,active,794.33
CHEMBL1807820,O=c1[nH]c2c(O)ccc([C@@H](O)CNCCCSCCOCCc3cccc4ccccc34)c2s1,active,199.53
CHEMBL1807819,O=c1[nH]c2c(O)ccc([C@@H](O)CNCCCSCCCOCCc3ccccc3)c2s1,active,630.96
CHEMBL1807818,O=c1[nH]c2c(O)ccc([C@@H](O)CNCCCSCCOCCc3ccccc3)c2s1,active,1000.0
CHEMBL1807817,O=c1[nH]c2c(O)ccc([C@@H](O)CNCCSCCCOCCc3ccccc3)c2s1,active,1000.0
CHEMBL82663,O=S(=O)(CCCOCCc1ccccc1)CCNCCc1ccc(O)c2nc(O)sc12,active,100.0
CHEMBL1346,NC(=O)C(c1ccccc1)(c1ccccc1)[C@@H]1CCN(CCc2ccc3c(c2)CCO3)C1,inactive,25118.86
CHEMBL1256786,COc1ccc(CC(C)NCC(O)c2ccc(O)c(NC=O)c2)cc1,inactive,10000.0
CHEMBL1807826,O=c1[nH]c2c(O)ccc([C@@H](O)CNCCSCCCNCCc3cccc(C(F)(F)F)c3)c2s1,active,501.19
CHEMBL1807827,O=c1[nH]c2c(O)ccc([C@@H](O)CNCCSCCCNCCc3cccc(Cl)c3)c2s1,active,794.33
CHEMBL1807828,O=c1[nH]c2c(O)ccc([C@@H](O)CNCCSCCCNCCc3ccccc3Cl)c2s1,intermediate,1584.89
CHEMBL1807829,O=c1[nH]c2c(O)ccc([C@@H](O)CNCCSCCCNCCc3cccc(Cl)c3Cl)c2s1,active,398.11
CHEMBL1807830,O=c1[nH]c2c(O)ccc([C@@H](O)CNCC[S+]([O-])CCCNCCc3cccc(Cl)c3)c2s1,intermediate,3162.28
CHEMBL1807831,O=c1[nH]c2c(O)ccc([C@@H](O)CNCCS(=O)(=O)CCCNCCc3cccc(Cl)c3)c2s1,active,794.33
CHEMBL1807832,O=c1[nH]c2c(O)ccc([C@@H](O)CNCCOCCCNCCc3cccc(Cl)c3)c2s1,intermediate,3162.28
CHEMBL1807869,O=c1[nH]c2c(O)ccc([C@@H](O)CNCCCSCCNCCc3cccc(Cl)c3)c2s1,intermediate,1584.89
CHEMBL1807870,O=c1[nH]c2c(O)ccc([C@@H](O)CNCCCSCCNCCc3ccccc3Cl)c2s1,active,1000.0
CHEMBL1807871,O=c1[nH]c2c(O)ccc([C@@H](O)CNCCCSCCNCCc3cccc(Cl)c3Cl)c2s1,active,1000.0
CHEMBL1807872,O=c1[nH]c2c(O)ccc([C@@H](O)CNCCCOCCNCCc3cccc(Cl)c3)c2s1,intermediate,2511.89
CHEMBL1807873,O=c1[nH]c2c(O)ccc([C@@H](O)CNCCCOCCNCCc3cccc(Cl)c3Cl)c2s1,intermediate,1995.26
CHEMBL1807874,CN(CCOCCCNC[C@H](O)c1ccc(O)c2[nH]c(=O)sc12)CCc1ccccc1,intermediate,2511.89
CHEMBL3216758,Cc1nc(C(=O)NCCN2CCN(c3cccc(Cl)c3Cl)CC2)c(C)n1-c1ccccc1.Cl.Cl.Cl.Cl,active,908.0
CHEMBL3216098,Cc1nc(C(=O)NCCCN2CCN(c3cccc(Cl)c3Cl)CC2)c(C)n1-c1ccccc1.Cl.Cl.Cl.Cl,intermediate,1369.0
CHEMBL49,O=C1CC2(CCCC2)CC(=O)N1CCCCN1CCN(c2ncccn2)CC1,active,323.0
CHEMBL493,CC(C)C[C@H]1C(=O)N2CCC[C@H]2[C@]2(O)O[C@](NC(=O)[C@@H]3C=C4c5cccc6[nH]c(Br)c(c56)C[C@H]4N(C)C3)(C(C)C)C(=O)N12,active,1.582
CHEMBL508112,c1ccc2sc(SSc3nc4ccccc4s3)nc2c1,intermediate,5866.0
CHEMBL296419,COc1ccc(CCN2CCC(Nc3nc4ccccc4n3Cc3ccc(F)cc3)CC2)cc1,intermediate,4521.0
CHEMBL1113,Clc1ccc2c(c1)C(N1CCNCC1)=Nc1ccccc1O2,active,200.0
CHEMBL633,CCCCc1oc2ccccc2c1C(=O)c1cc(I)c(OCCN(CC)CC)c(I)c1,inactive,19952.0
CHEMBL1403281,CC(C)C[C@H]1C(=O)N2CCC[C@H]2[C@]2(O)O[C@](NC(=O)[C@@H]3C=C4c5cccc6[nH]cc(c56)C[C@H]4N(C)C3)(C(C)C)C(=O)N12,active,1.95
CHEMBL629,CN(C)CCC=C1c2ccccc2CCc2ccccc21,intermediate,1009.0
CHEMBL305660,CC(C)(C)c1ccc(C(=O)CCCN2CCC(OC(c3ccccc3)c3ccccc3)CC2)cc1,intermediate,1149.1
CHEMBL64894,CN(C)c1ccc(C(=C2C=CC(=[N+](C)C)C=C2)c2ccc(N(C)C)cc2)cc1.[Cl-],intermediate,3178.0
CHEMBL808,Clc1ccc(COC(Cn2ccnc2)c2ccc(Cl)cc2Cl)cc1,inactive,12807.0
CHEMBL1385840,CC(C)[C@H]1C(=O)N2CCC[C@H]2[C@]2(O)O[C@](NC(=O)[C@@H]3C=C4c5cccc6[nH]cc(c56)C[C@H]4N(C)C3)(C(C)C)C(=O)N12,active,5.032
CHEMBL30008,Fc1ccc(C(c2ccc(F)cc2)N2CCN(C/C=C/c3ccccc3)CC2)cc1,active,352.0
CHEMBL119443,C[C@@H](CO)NC(=O)[C@@H]1C=C2c3cccc4[nH]cc(c34)C[C@H]2N(C)C1,active,552.0
CHEMBL726,OCCN1CCN(CCCN2c3ccccc3Sc3ccc(C(F)(F)F)cc32)CC1,active,1.616
CHEMBL442,CN1C[C@H](C(=O)N[C@]2(C)O[C@@]3(O)[C@@H]4CCCN4C(=O)[C@H](Cc4ccccc4)N3C2=O)C=C2c3cccc4[nH]cc(c34)C[C@H]21,active,4.3
CHEMBL1108,O=C(CCCN1CC=C(n2c(=O)[nH]c3ccccc32)CC1)c1ccc(F)cc1,active,2.407
CHEMBL54,O=C(CCCN1CCC(O)(c2ccc(Cl)cc2)CC1)c1ccc(F)cc1,active,6.592
CHEMBL1626,CN1CCC[C@@H]1CCO[C@](C)(c1ccccc1)c1ccc(Cl)cc1,active,136.0
CHEMBL936,OC(CCCN1CCCCC1)(c1ccccc1)c1ccccc1,intermediate,3290.0
CHEMBL1729,COc1cc(N)c(Cl)cc1C(=O)NC1CCN(CCCOc2ccc(F)cc2)CC1OC,active,473.0
CHEMBL1255837,CC(C)[C@@]1(NC(=O)[C@@H]2C[C@@H]3c4cccc5[nH]cc(c45)C[C@H]3N(C)C2)O[C@@]2(O)[C@@H]3CCCN3C(=O)[C@H](Cc3ccccc3)N2C1=O.CS(=O)(=O)O,active,1.474
CHEMBL964,CCN(CC)C(=S)SSC(=S)N(CC)CC,inactive,23018.0
CHEMBL104,Clc1ccccc1C(c1ccccc1)(c1ccccc1)n1ccnc1,inactive,12186.0
CHEMBL1732,CN1C[C@H](C(=O)N[C@]2(C)O[C@@]3(O)[C@@H]4CCCN4C(=O)[C@H](Cc4ccccc4)N3C2=O)C[C@@H]2c3cccc4[nH]cc(c34)C[C@H]21,active,8.88
CHEMBL411,CC/C(=C(/CC)c1ccc(O)cc1)c1ccc(O)cc1,inactive,13321.0
CHEMBL43064,C(=C/c1ccccc1)\CN1CCN(C(c2ccccc2)c2ccccc2)CC1,active,776.0
CHEMBL42,CN1CCN(C2=Nc3cc(Cl)ccc3Nc3ccccc32)CC1,active,387.0
CHEMBL71,CN(C)CCCN1c2ccccc2Sc2ccc(Cl)cc21,active,54.0
CHEMBL415,CN(C)CCCN1c2ccccc2CCc2ccc(Cl)cc21,active,413.0
CHEMBL516,CN1CCC(=C2c3ccccc3C=Cc3ccccc32)CC1,active,164.0
CHEMBL219916,O=c1[nH]c2ccccc2n1CCCN1CCC(n2c(=O)[nH]c3cc(Cl)ccc32)CC1,active,2.647
CHEMBL723,COc1ccccc1OCCNCC(O)COc1cccc2[nH]c3ccccc3c12,active,146.0
CHEMBL564,CN(C)CCCN1c2ccccc2Sc2ccccc21,active,505.0
CHEMBL643,CC(CN1c2ccccc2Sc2ccccc21)N(C)C,active,779.0
CHEMBL531,CCCN1C[C@H](CSC)C[C@@H]2c3cccc4[nH]cc(c34)C[C@H]21,active,111.0
CHEMBL1909072,NC(=O)C1CCN(CCCN2c3ccccc3Sc3ccc(Cl)cc32)CC1,active,4.05
CHEMBL715,Cc1cc2c(s1)Nc1ccccc1N=C2N1CCN(C)CC1,active,118.0
CHEMBL716,OCCOCCN1CCN(C2=Nc3ccccc3Sc3ccccc32)CC1,intermediate,1329.9
CHEMBL728,CN1CCN(CCCN2c3ccccc3Sc3ccc(Cl)cc32)CC1,active,11.0
CHEMBL1065,CC[C@@H](CO)NC(=O)[C@@H]1C=C2c3cccc4c3c(cn4C)C[C@H]2N(C)C1,active,807.0
CHEMBL21731,CNCCCC12CCC(c3ccccc31)c1ccccc12,intermediate,3463.0
CHEMBL86,CCN(CC)CCNC(=O)c1cc(Cl)c(N)cc1OC,active,127.0
CHEMBL91,Clc1ccc(COC(Cn2ccnc2)c2ccc(Cl)cc2Cl)c(Cl)c1,inactive,12504.0
CHEMBL19215,CN1C[C@H](CNC(=O)OCc2ccccc2)C[C@@H]2c3cccc4c3c(cn4C)C[C@H]21,active,63.0
CHEMBL1221512,CC[C@H](C)[C@@H](CO[C@@H](Cc1ccccc1)C(=O)N[C@@H](CCS(C)(=O)=O)C(=O)OC(C)C)NC[C@@H](N)CS,active,157.0
CHEMBL157138,CCN(CC)C(=O)N[C@H]1C=C2c3cccc4[nH]cc(c34)C[C@H]2N(C)C1,active,2.86
CHEMBL1909065,CO[C@@H]1[C@@H](OC)[C@H](C)[C@@](O)(CC(=O)O)O[C@H]1[C@H](C)[C@H]1O[C@@]2(CC[C@@](C)([C@H]3CC[C@@](C)([C@@H]4O[C@@H]([C@H]5O[C@](C)(O)[C@H](C)C[C@@H]5C)C[C@@H]4O[C@@H]4C[C@H](OC)[C@@H](OC)[C@H](C)O4)O3)O2)C[C@H](O)[C@H]1C,active,702.0
CHEMBL1201356,CC[C@@H](CO)NC(=O)[C@@H]1C=C2c3cccc4[nH]cc(c34)C[C@H]2N(C)C1,active,829.0
CHEMBL267044,CCN1CCC[C@H]1CNC(=O)c1cc(S(N)(=O)=O)ccc1OC,active,128.0
CHEMBL141343,Cc1c(C)c2c(c(C)c1O)CCC(C)(CN1CCN(c3cc(N4CCCC4)nc(N4CCCC4)n3)CC1)O2,inactive,16760.0
CHEMBL15245,COC(=O)[C@@H]1[C@H]2C[C@H]3c4[nH]c5ccccc5c4CCN3C[C@@H]2CC[C@@H]1O,intermediate,2060.0
CHEMBL479,CSc1ccc2c(c1)N(CCC1CCCCN1C)c1ccccc1S2,active,35.0
CHEMBL83,CC/C(=C(\c1ccccc1)c1ccc(OCCN(C)C)cc1)c1ccccc1,inactive,13885.0
CHEMBL84158,CCN(CC)CCNC(=O)c1cc(S(C)(=O)=O)ccc1OC,intermediate,1232.0
CHEMBL85,Cc1nc2n(c(=O)c1CCN1CCC(c3noc4cc(F)ccc34)CC1)CCCC2,active,20.0
CHEMBL26,CCN1CCCC1CNC(=O)c1cc(S(N)(=O)=O)ccc1OC,active,205.0
CHEMBL17157,CC(C)(C)c1ccc(C(O)CCCN2CCC(C(O)(c3ccccc3)c3ccccc3)CC2)cc1,intermediate,6167.0
CHEMBL81,O=C(c1ccc(OCCN2CCCCC2)cc1)c1c(-c2ccc(O)cc2)sc2cc(O)ccc12,intermediate,1174.0
CHEMBL1624037,CCOC(=O)N1CCC(NCCNC(=O)c2ccccc2C)CC1,intermediate,4500.0
CHEMBL1916224,CCOC(=O)N1CCC(N2CCC[C@@H](NC(=O)c3ccccc3C)C2)CC1,inactive,30000.0
CHEMBL1934127,CC(=O)N[C@@H]1CC2(CCN(Cc3ccc4[nH]c5ccc(Cl)cc5c4c3)CC2)c2ccccc21,active,500.0
CHEMBL1934130,CC(=O)N[C@@H]1CC2(CCN(Cc3ccc4c(c3)c3ccccc3n4C(N)=O)CC2)c2ccccc21,intermediate,1500.0
CHEMBL1947157,O=c1[nH]c2c(O)ccc([C@@H](O)CNCCc3cccc(CNCCc4c(Cl)cccc4Cl)c3)c2s1,active,251.19
CHEMBL1944689,O=c1[nH]c2c(O)ccc([C@@H](O)CNCCc3ccc(CNCCc4c(Cl)cccc4Cl)cc3)c2s1,active,1000.0
CHEMBL1944690,O=c1[nH]c2c(O)ccc([C@@H](O)CNCCc3cccc(CNCCc4ccccc4Cl)c3)c2s1,active,630.96
CHEMBL1944691,O=c1[nH]c2c(O)ccc([C@@H](O)CNCCc3cccc(CNCCc4ccccc4F)c3)c2s1,active,398.11
CHEMBL1944692,O=c1[nH]c2c(O)ccc([C@@H](O)CNCCc3ccc(CNCCc4ccccc4F)cc3)c2s1,intermediate,1995.26
CHEMBL1944693,COc1ccccc1CCNCc1cccc(CCNC[C@H](O)c2ccc(O)c3[nH]c(=O)sc23)c1,active,794.33
CHEMBL1944694,COc1ccccc1CCNCc1ccc(CCNC[C@H](O)c2ccc(O)c3[nH]c(=O)sc23)cc1,active,630.96
CHEMBL1944695,O=c1[nH]c2c(O)ccc([C@@H](O)CNCCc3ccc(CNCCc4ccccc4)cc3)c2s1,intermediate,1995.26
CHEMBL1945031,Cc1cccc2c(CCNCc3cccc(CCNC[C@H](O)c4ccc(O)c5[nH]c(=O)sc45)c3)c[nH]c12,active,398.11
CHEMBL1945032,Cc1cccc2c(CCNCc3ccc(CCNC[C@H](O)c4ccc(O)c5[nH]c(=O)sc45)cc3)c[nH]c12,active,794.33
CHEMBL1945033,O=c1[nH]c2c(O)ccc([C@@H](O)CNCCc3cccc(CNCCc4ccccn4)c3)c2s1,intermediate,1584.89
CHEMBL1945034,O=c1[nH]c2c(O)ccc([C@@H](O)CNCCc3ccc(CNCCc4ccccn4)cc3)c2s1,intermediate,2511.89
CHEMBL1945035,O=c1[nH]c2c(O)ccc([C@@H](O)CNCCc3ccccc3CNCCc3ccccc3F)c2s1,active,794.33
CHEMBL1945036,CC(CNCc1ccc(CCNC[C@H](O)c2ccc(O)c3[nH]c(=O)sc23)cc1)c1ccccc1,intermediate,2511.89
CHEMBL1945037,O=c1[nH]c2c(O)ccc([C@@H](O)CNCCc3cccc(CNCCCc4ccccc4)c3)c2s1,active,316.23
CHEMBL1945038,O=c1[nH]c2c(O)ccc([C@@H](O)CNCCc3cccc(CNCCCc4ccccn4)c3)c2s1,intermediate,2511.89
CHEMBL1945039,COc1ccccc1CNCc1cccc(CCNC[C@H](O)c2ccc(O)c3[nH]c(=O)sc23)c1,active,1000.0
CHEMBL1945040,COc1ccccc1CNCc1ccc(CCNC[C@H](O)c2ccc(O)c3[nH]c(=O)sc23)cc1,intermediate,2511.89
CHEMBL1945041,O=c1[nH]c2c(O)ccc([C@@H](O)CNCCc3cccc(CNCc4ccccc4Cl)c3)c2s1,active,251.19
CHEMBL1945042,O=c1[nH]c2c(O)ccc([C@@H](O)CNCCc3cccc(CNCc4ccccc4F)c3)c2s1,active,630.96
CHEMBL1945043,O=c1[nH]c2c(O)ccc([C@@H](O)CNCCc3cccc(CNCc4ccccn4)c3)c2s1,intermediate,5011.87
CHEMBL1945044,COc1cccc(CNCc2cccc(CCNC[C@H](O)c3ccc(O)c4[nH]c(=O)sc34)c2)c1,active,794.33
CHEMBL1945289,COc1ccc(CNCc2cccc(CCNC[C@H](O)c3ccc(O)c4[nH]c(=O)sc34)c2)cc1,active,794.33
CHEMBL1945290,CCOc1ccccc1CNCc1cccc(CCNC[C@H](O)c2ccc(O)c3[nH]c(=O)sc23)c1,intermediate,1258.93
CHEMBL1945291,COc1ccccc1CN(C)Cc1cccc(CCNC[C@H](O)c2ccc(O)c3[nH]c(=O)sc23)c1,active,1000.0
CHEMBL1945292,COCCNCc1cccc(CCNC[C@H](O)c2ccc(O)c3[nH]c(=O)sc23)c1,active,794.33
CHEMBL1945293,COCCNCc1ccc(CCNC[C@H](O)c2ccc(O)c3[nH]c(=O)sc23)cc1,inactive,10000.0
CHEMBL1945294,O=c1[nH]c2c(O)ccc([C@@H](O)CNCCc3cccc(CN4CCCC4)c3)c2s1,intermediate,3162.28
CHEMBL1945296,O=c1[nH]c2c(O)ccc([C@@H](O)CNCCCc3cccc(CNCCc4c(Cl)cccc4Cl)c3)c2s1,active,79.43
CHEMBL1945297,CC(Cc1cccc(CNCCc2c(Cl)cccc2Cl)c1)NC[C@H](O)c1ccc(O)c2[nH]c(=O)sc12,active,125.89
CHEMBL1945298,O=c1[nH]c2c(O)ccc([C@@H](O)CNCCOc3cccc(CNCCc4ccccc4F)c3)c2s1,active,398.11
CHEMBL1945299,COc1ccccc1CNCCc1cccc(CCNC[C@H](O)c2ccc(O)c3[nH]c(=O)sc23)c1,active,1000.0
CHEMBL1945300,OCc1cc([C@@H](O)CNCCc2ccc(CNCCc3ccccc3)cc2)ccc1O,intermediate,7943.28
CHEMBL1945503,O=c1ccc2c([C@@H](O)CNCCc3cccc(CNCCc4ccccn4)c3)ccc(O)c2[nH]1,inactive,10000.0
CHEMBL1945504,COc1ccccc1CNCc1ccc(CCNC[C@@H](O)c2ccc(O)c3[nH]c(=O)sc23)cc1,intermediate,1995.26
CHEMBL2016621,CN1CCN(C2=Nc3cc(Cl)ccc3N(NC(=O)CCCCCCCCCCCCCCCCCCC(=O)NN3c4ccc(Cl)cc4N=C(N4CCN(C)CC4)c4ccccc43)c3ccccc32)CC1,inactive,10000.0
CHEMBL2016620,CN1CCN(C2=Nc3cc(Cl)ccc3N(NC(=O)CCCCCCCCCCCCCCCCC(=O)NN3c4ccc(Cl)cc4N=C(N4CCN(C)CC4)c4ccccc43)c3ccccc32)CC1,inactive,10000.0
CHEMBL2016619,CN1CCN(C2=Nc3cc(Cl)ccc3N(NC(=O)CCCCCCCCCCCCC(=O)NN3c4ccc(Cl)cc4N=C(N4CCN(C)CC4)c4ccccc43)c3ccccc32)CC1,inactive,10000.0
CHEMBL2016618,CN1CCN(C2=Nc3cc(Cl)ccc3N(NC(=O)CCCCCCCCCCC(=O)NN3c4ccc(Cl)cc4N=C(N4CCN(C)CC4)c4ccccc43)c3ccccc32)CC1,inactive,10000.0
CHEMBL2016617,CN1CCN(C2=Nc3cc(Cl)ccc3N(NC(=O)CCCCCCCCC(=O)NN3c4ccc(Cl)cc4N=C(N4CCN(C)CC4)c4ccccc43)c3ccccc32)CC1,inactive,10000.0
CHEMBL2016616,CN1CCN(C2=Nc3cc(Cl)ccc3N(NC(=O)CCCCCCC(=O)NN3c4ccc(Cl)cc4N=C(N4CCN(C)CC4)c4ccccc43)c3ccccc32)CC1,intermediate,2440.0
CHEMBL2016615,CN1CCN(C2=Nc3cc(Cl)ccc3N(NC(=O)CCCCC(=O)NN3c4ccc(Cl)cc4N=C(N4CCN(C)CC4)c4ccccc43)c3ccccc32)CC1,intermediate,2078.0
CHEMBL2016614,CCCCCCCCCC(=O)NN1c2ccc(Cl)cc2N=C(N2CCN(C)CC2)c2ccccc21,intermediate,8939.0
CHEMBL2016613,CN1CCN(C2=Nc3cc(Cl)ccc3N(C(=O)CCCCCCCCCCCCCCCCCCC(=O)N3c4ccc(Cl)cc4N=C(N4CCN(C)CC4)c4ccccc43)c3ccccc32)CC1,inactive,10000.0
CHEMBL2016612,CN1CCN(C2=Nc3cc(Cl)ccc3N(C(=O)CCCCCCCCCCCCCCCCC(=O)N3c4ccc(Cl)cc4N=C(N4CCN(C)CC4)c4ccccc43)c3ccccc32)CC1,inactive,10000.0
CHEMBL2016611,CN1CCN(C2=Nc3cc(Cl)ccc3N(C(=O)CCCCCCCCCCCCC(=O)N3c4ccc(Cl)cc4N=C(N4CCN(C)CC4)c4ccccc43)c3ccccc32)CC1,inactive,10000.0
CHEMBL2016610,CN1CCN(C2=Nc3cc(Cl)ccc3N(C(=O)CCCCCCCCCCC(=O)N3c4ccc(Cl)cc4N=C(N4CCN(C)CC4)c4ccccc43)c3ccccc32)CC1,inactive,10000.0
CHEMBL2016609,CN1CCN(C2=Nc3cc(Cl)ccc3N(C(=O)CCCCCCCCC(=O)N3c4ccc(Cl)cc4N=C(N4CCN(C)CC4)c4ccccc43)c3ccccc32)CC1,inactive,10000.0
CHEMBL2016608,CN1CCN(C2=Nc3cc(Cl)ccc3N(C(=O)CCCCCCC(=O)N3c4ccc(Cl)cc4N=C(N4CCN(C)CC4)c4ccccc43)c3ccccc32)CC1,intermediate,2662.0
CHEMBL2016607,CCCCCCCCCC(=O)N1c2ccc(Cl)cc2N=C(N2CCN(C)CC2)c2ccccc21,active,776.0
CHEMBL42,CN1CCN(C2=Nc3cc(Cl)ccc3Nc3ccccc32)CC1,active,206.0
CHEMBL2016632,O=C(CCCCCCCCCCCCCCCCCCC(=O)NCCCN1CCN(C2=Nc3cc(Cl)ccc3Nc3ccccc32)CC1)NCCCN1CCN(C2=Nc3cc(Cl)ccc3Nc3ccccc32)CC1,inactive,10000.0
CHEMBL2016631,O=C(CCCCCCCCCCCCCCCCC(=O)NCCCN1CCN(C2=Nc3cc(Cl)ccc3Nc3ccccc32)CC1)NCCCN1CCN(C2=Nc3cc(Cl)ccc3Nc3ccccc32)CC1,intermediate,7762.47
CHEMBL2016630,O=C(CCCCCCCCCCCCC(=O)NCCCN1CCN(C2=Nc3cc(Cl)ccc3Nc3ccccc32)CC1)NCCCN1CCN(C2=Nc3cc(Cl)ccc3Nc3ccccc32)CC1,inactive,10715.19
CHEMBL2016629,O=C(CCCCCCCCCCC(=O)NCCCN1CCN(C2=Nc3cc(Cl)ccc3Nc3ccccc32)CC1)NCCCN1CCN(C2=Nc3cc(Cl)ccc3Nc3ccccc32)CC1,intermediate,1096.48
CHEMBL2016628,O=C(CCCCCCCCC(=O)NCCCN1CCN(C2=Nc3cc(Cl)ccc3Nc3ccccc32)CC1)NCCCN1CCN(C2=Nc3cc(Cl)ccc3Nc3ccccc32)CC1,active,44.67
CHEMBL2016627,O=C(CCCCCCC(=O)NCCCN1CCN(C2=Nc3cc(Cl)ccc3Nc3ccccc32)CC1)NCCCN1CCN(C2=Nc3cc(Cl)ccc3Nc3ccccc32)CC1,active,23.44
CHEMBL2016626,O=C(CCCCC(=O)NCCCN1CCN(C2=Nc3cc(Cl)ccc3Nc3ccccc32)CC1)NCCCN1CCN(C2=Nc3cc(Cl)ccc3Nc3ccccc32)CC1,active,87.1
CHEMBL2016625,CCCCCCCCCC(=O)NCCCN1CCN(C2=Nc3cc(Cl)ccc3Nc3ccccc32)CC1,intermediate,1445.44
CHEMBL2016624,CN1CCN(C2=Nc3cc(Cl)ccc3N(NC(=O)CCC(=O)OCCOC(=O)CCC(=O)NN3c4ccc(Cl)cc4N=C(N4CCN(C)CC4)c4ccccc43)c3ccccc32)CC1,intermediate,2398.83
CHEMBL2016623,CN1CCN(C2=Nc3cc(Cl)ccc3N(NC(=O)CCCC(=O)N3CCN(C(=O)CCCC(=O)N4CCN(C(=O)CCCC(=O)NN5c6ccc(Cl)cc6N=C(N6CCN(C)CC6)c6ccccc65)CC4)CC3)c3ccccc32)CC1,intermediate,2630.27
CHEMBL2016622,CN1CCN(C2=Nc3cc(Cl)ccc3N(NC(=O)CCC(=O)N3CCN(C(=O)CCC(=O)NN4c5ccc(Cl)cc5N=C(N5CCN(C)CC5)c5ccccc54)CC3)c3ccccc32)CC1,intermediate,1621.81
CHEMBL2016621,CN1CCN(C2=Nc3cc(Cl)ccc3N(NC(=O)CCCCCCCCCCCCCCCCCCC(=O)NN3c4ccc(Cl)cc4N=C(N4CCN(C)CC4)c4ccccc43)c3ccccc32)CC1,inactive,10000.0
CHEMBL2016620,CN1CCN(C2=Nc3cc(Cl)ccc3N(NC(=O)CCCCCCCCCCCCCCCCC(=O)NN3c4ccc(Cl)cc4N=C(N4CCN(C)CC4)c4ccccc43)c3ccccc32)CC1,inactive,10000.0
CHEMBL2016619,CN1CCN(C2=Nc3cc(Cl)ccc3N(NC(=O)CCCCCCCCCCCCC(=O)NN3c4ccc(Cl)cc4N=C(N4CCN(C)CC4)c4ccccc43)c3ccccc32)CC1,inactive,10000.0
CHEMBL2016618,CN1CCN(C2=Nc3cc(Cl)ccc3N(NC(=O)CCCCCCCCCCC(=O)NN3c4ccc(Cl)cc4N=C(N4CCN(C)CC4)c4ccccc43)c3ccccc32)CC1,inactive,10000.0
CHEMBL2016617,CN1CCN(C2=Nc3cc(Cl)ccc3N(NC(=O)CCCCCCCCC(=O)NN3c4ccc(Cl)cc4N=C(N4CCN(C)CC4)c4ccccc43)c3ccccc32)CC1,inactive,10000.0
CHEMBL2016616,CN1CCN(C2=Nc3cc(Cl)ccc3N(NC(=O)CCCCCCC(=O)NN3c4ccc(Cl)cc4N=C(N4CCN(C)CC4)c4ccccc43)c3ccccc32)CC1,intermediate,2454.71
CHEMBL2016615,CN1CCN(C2=Nc3cc(Cl)ccc3N(NC(=O)CCCCC(=O)NN3c4ccc(Cl)cc4N=C(N4CCN(C)CC4)c4ccccc43)c3ccccc32)CC1,intermediate,2041.74
CHEMBL2016614,CCCCCCCCCC(=O)NN1c2ccc(Cl)cc2N=C(N2CCN(C)CC2)c2ccccc21,intermediate,8912.51
CHEMBL2016613,CN1CCN(C2=Nc3cc(Cl)ccc3N(C(=O)CCCCCCCCCCCCCCCCCCC(=O)N3c4ccc(Cl)cc4N=C(N4CCN(C)CC4)c4ccccc43)c3ccccc32)CC1,inactive,10000.0
CHEMBL2016612,CN1CCN(C2=Nc3cc(Cl)ccc3N(C(=O)CCCCCCCCCCCCCCCCC(=O)N3c4ccc(Cl)cc4N=C(N4CCN(C)CC4)c4ccccc43)c3ccccc32)CC1,inactive,10000.0
CHEMBL2016611,CN1CCN(C2=Nc3cc(Cl)ccc3N(C(=O)CCCCCCCCCCCCC(=O)N3c4ccc(Cl)cc4N=C(N4CCN(C)CC4)c4ccccc43)c3ccccc32)CC1,inactive,10000.0
CHEMBL2016610,CN1CCN(C2=Nc3cc(Cl)ccc3N(C(=O)CCCCCCCCCCC(=O)N3c4ccc(Cl)cc4N=C(N4CCN(C)CC4)c4ccccc43)c3ccccc32)CC1,inactive,10000.0
CHEMBL2016609,CN1CCN(C2=Nc3cc(Cl)ccc3N(C(=O)CCCCCCCCC(=O)N3c4ccc(Cl)cc4N=C(N4CCN(C)CC4)c4ccccc43)c3ccccc32)CC1,inactive,10000.0
CHEMBL2016608,CN1CCN(C2=Nc3cc(Cl)ccc3N(C(=O)CCCCCCC(=O)N3c4ccc(Cl)cc4N=C(N4CCN(C)CC4)c4ccccc43)c3ccccc32)CC1,intermediate,1778.28
CHEMBL2016607,CCCCCCCCCC(=O)N1c2ccc(Cl)cc2N=C(N2CCN(C)CC2)c2ccccc21,active,776.25
CHEMBL42,CN1CCN(C2=Nc3cc(Cl)ccc3Nc3ccccc32)CC1,active,204.17
CHEMBL2016622,CN1CCN(C2=Nc3cc(Cl)ccc3N(NC(=O)CCC(=O)N3CCN(C(=O)CCC(=O)NN4c5ccc(Cl)cc5N=C(N5CCN(C)CC5)c5ccccc54)CC3)c3ccccc32)CC1,intermediate,1617.0
CHEMBL2016623,CN1CCN(C2=Nc3cc(Cl)ccc3N(NC(=O)CCCC(=O)N3CCN(C(=O)CCCC(=O)N4CCN(C(=O)CCCC(=O)NN5c6ccc(Cl)cc6N=C(N6CCN(C)CC6)c6ccccc65)CC4)CC3)c3ccccc32)CC1,intermediate,2633.0
CHEMBL2016624,CN1CCN(C2=Nc3cc(Cl)ccc3N(NC(=O)CCC(=O)OCCOC(=O)CCC(=O)NN3c4ccc(Cl)cc4N=C(N4CCN(C)CC4)c4ccccc43)c3ccccc32)CC1,intermediate,2412.0
CHEMBL2016625,CCCCCCCCCC(=O)NCCCN1CCN(C2=Nc3cc(Cl)ccc3Nc3ccccc32)CC1,intermediate,1455.0
CHEMBL2016626,O=C(CCCCC(=O)NCCCN1CCN(C2=Nc3cc(Cl)ccc3Nc3ccccc32)CC1)NCCCN1CCN(C2=Nc3cc(Cl)ccc3Nc3ccccc32)CC1,active,87.0
CHEMBL2016627,O=C(CCCCCCC(=O)NCCCN1CCN(C2=Nc3cc(Cl)ccc3Nc3ccccc32)CC1)NCCCN1CCN(C2=Nc3cc(Cl)ccc3Nc3ccccc32)CC1,active,23.0
CHEMBL2016628,O=C(CCCCCCCCC(=O)NCCCN1CCN(C2=Nc3cc(Cl)ccc3Nc3ccccc32)CC1)NCCCN1CCN(C2=Nc3cc(Cl)ccc3Nc3ccccc32)CC1,active,44.0
CHEMBL2016629,O=C(CCCCCCCCCCC(=O)NCCCN1CCN(C2=Nc3cc(Cl)ccc3Nc3ccccc32)CC1)NCCCN1CCN(C2=Nc3cc(Cl)ccc3Nc3ccccc32)CC1,intermediate,1119.0
CHEMBL2016630,O=C(CCCCCCCCCCCCC(=O)NCCCN1CCN(C2=Nc3cc(Cl)ccc3Nc3ccccc32)CC1)NCCCN1CCN(C2=Nc3cc(Cl)ccc3Nc3ccccc32)CC1,inactive,11000.0
CHEMBL2016631,O=C(CCCCCCCCCCCCCCCCC(=O)NCCCN1CCN(C2=Nc3cc(Cl)ccc3Nc3ccccc32)CC1)NCCCN1CCN(C2=Nc3cc(Cl)ccc3Nc3ccccc32)CC1,intermediate,7800.0
CHEMBL2016632,O=C(CCCCCCCCCCCCCCCCCCC(=O)NCCCN1CCN(C2=Nc3cc(Cl)ccc3Nc3ccccc32)CC1)NCCCN1CCN(C2=Nc3cc(Cl)ccc3Nc3ccccc32)CC1,inactive,10000.0
CHEMBL267930,O=C(CCCN1CCC2(CC1)C(=O)NCN2c1ccccc1)c1ccc(F)cc1,active,1.27
CHEMBL487387,COc1cc2c(cc1O)[C@@H]1Cc3ccc(O)c(OC)c3CN1CC2,active,105.41
CHEMBL2057457,COc1cc2c(cc1O)[C@@H]1Cc3cc(C)cc(C)c3CN1CC2,active,456.13
CHEMBL2057456,COc1cc2c(cc1O)[C@@H]1Cc3c(CO)c(OC)cc(OC)c3CN1CC2,active,514.46
CHEMBL2057453,COc1ccc2c(c1)C[C@H]1c3cc(O)c(OC)cc3CCN1C2,active,873.14
CHEMBL2057451,COc1cc2c(cc1OC)[C@@H]1Cc3cc(C)cc(C)c3CN1CC2,intermediate,1155.3
CHEMBL2180641,CCCCCCN(CCc1ccccc1)CCc1cccc(O)c1,intermediate,1252.0
CHEMBL2180639,Oc1cccc(CCN(CCc2ccccc2)CC2CCC2)c1,intermediate,1647.0
CHEMBL2207492,CCCN1CCC(n2cnc3ccccc32)CC1,inactive,580000.0
CHEMBL2326473,Cn1ccc(CN2CCc3cc4nc(N)sc4cc3CC2)n1,intermediate,4400.0
CHEMBL2326472,Cn1cc(CN2CCc3cc4nc(N)sc4cc3CC2)cn1,active,870.0
CHEMBL2326471,Nc1nc2cc3c(cc2s1)CCN(Cc1ncon1)CC3,inactive,10000.0
CHEMBL2326470,Nc1nc2cc3c(cc2s1)CCN(Cc1cnc[nH]1)CC3,intermediate,1500.0
CHEMBL2326469,Nc1nc2cc3c(cc2s1)CCN(Cc1cscn1)CC3,intermediate,1200.0
CHEMBL2326468,Nc1nc2cc3c(cc2s1)CCN(Cc1cnco1)CC3,intermediate,2500.0
CHEMBL2326485,Nc1nc2cc3c(cc2s1)CCN(Cc1ccncc1)CC3,intermediate,4500.0
CHEMBL2326484,Nc1nc2cc3c(cc2s1)CCN(Cc1cccnc1)CC3,intermediate,1700.0
CHEMBL2326483,Nc1nc2cc3c(cc2s1)CCN(Cc1ccccn1)CC3,intermediate,8000.0
CHEMBL2326482,CN(C)C(=O)c1cccc(CN2CCc3cc4nc(N)sc4cc3CC2)c1,active,1000.0
CHEMBL2326481,CN(C)C(=O)c1ccc(CN2CCc3cc4nc(N)sc4cc3CC2)cc1,active,300.0
CHEMBL2326480,COc1cccc(CN2CCc3cc4nc(N)sc4cc3CC2)c1,active,900.0
CHEMBL2326479,COc1ccc(CN2CCc3cc4nc(N)sc4cc3CC2)cc1,active,400.0
CHEMBL2326478,Nc1nc2cc3c(cc2s1)CCN(Cc1cccc(F)c1)CC3,active,400.0
CHEMBL2326477,Nc1nc2cc3c(cc2s1)CCN(Cc1ccc(F)cc1)CC3,active,600.0
CHEMBL2326476,Nc1nc2cc3c(cc2s1)CCN(Cc1ccccc1)CC3,intermediate,2900.0
CHEMBL2326475,Nc1nc2cc3c(cc2s1)CCN(C(=O)c1ccccc1)CC3,inactive,10000.0
CHEMBL2326474,Nc1nc2cc3c(cc2s1)CCN(CCO)CC3,inactive,10000.0
CHEMBL2326492,CN(C)C(=O)CN1CCc2cc3nc(N)sc3cc2CC1,intermediate,7800.0
CHEMBL2326491,Nc1nc2cc3c(cc2s1)CCN(CC(F)(F)F)CC3,inactive,30000.0
CHEMBL2326490,Nc1nc2cc3c(cc2s1)CCN(C1CC1)CC3,intermediate,4500.0
CHEMBL2326489,CCN1CCc2cc3nc(N)sc3cc2CC1,inactive,19000.0
CHEMBL2326488,CN1CCc2cc3nc(N)sc3cc2CC1,intermediate,1400.0
CHEMBL2326487,Nc1nc2cc3c(cc2s1)CCNCC3,intermediate,7600.0
CHEMBL301265,CCCN[C@H]1CCc2nc(N)sc2C1,inactive,10000.0
CHEMBL2326486,CCN[C@@H]1Cc2cc3nc(N)sc3cc2C1,active,670.0
CHEMBL218166,O=c1[nH]c2cccc(N3CCN(Cc4cccc(-c5ccccc5)c4)CC3)c2o1,active,2.9
CHEMBL1112,O=C1CCc2ccc(OCCCCN3CCN(c4cccc(Cl)c4Cl)CC3)cc2N1,active,7.6
CHEMBL245621,O=C(NCCN1CCC(n2c(=O)[nH]c3cc(Cl)ccc32)CC1)c1ccc(F)cc1,active,7.0
CHEMBL448891,COc1cc2c(cc1OC)[C@@H]1Cc3ccc(O)c(OC)c3CN1CC2,inactive,18730.0
CHEMBL1457510,COc1c(O)ccc2c1CN1CCc3cc4c(cc3[C@@H]1C2)OCO4,active,1000.0
CHEMBL54,O=C(CCCN1CCC(O)(c2ccc(Cl)cc2)CC1)c1ccc(F)cc1,active,550.0
CHEMBL2335738,COc1ccc2c(c1)CCN1CC[C@](O)(c3ccc(Cl)cc3)C[C@H]21,intermediate,1010.0
CHEMBL2335741,COc1cc2c(cc1O)[C@H]1C[C@](O)(c3ccc(Cl)cc3)CCN1CC2,active,380.0
CHEMBL2335737,Cc1cc2c(cc1O)[C@H]1C[C@@](O)(c3ccc(Cl)cc3)CCN1CC2,active,220.0
CHEMBL2331599,Cc1cc2c(cc1O)[C@H]1C[C@](O)(c3ccc(Cl)cc3)CCN1CC2,active,150.0
CHEMBL2335736,COc1cc2c(cc1O)[C@H]1C[C@@](O)(c3ccc(OC(F)(F)F)cc3)CCN1CC2,active,6.0
CHEMBL715,Cc1cc2c(s1)Nc1ccccc1N=C2N1CCN(C)CC1,active,10.0
CHEMBL567,OCCN1CCN(CCCN2c3ccccc3Sc3ccc(Cl)cc32)CC1,active,0.3
CHEMBL2387229,Cc1cc(=O)oc2c(Cl)c(OCCCCN3CCC(c4noc5cc(F)ccc45)CC3)ccc12,active,26.3
CHEMBL2393246,COc1cccc(Nc2nc(Cc3ccccc3)nc3c2CCNCC3)c1.Cl,active,162.8
CHEMBL2393243,Cl.c1ccc(Cc2nc3c(c(Nc4ccccc4)n2)CCNCC3)cc1,active,146.7
CHEMBL2393245,Cl.Clc1cccc(Nc2nc(Cc3ccccc3)nc3c2CCNCC3)c1,active,85.8
CHEMBL2393244,Cl.Fc1cccc(Nc2nc(Cc3ccccc3)nc3c2CCNCC3)c1,active,63.3
CHEMBL1255588,CC(C)(C)[C@@]1(O)CCN2C[C@@H]3c4ccccc4CCc4cccc(c43)[C@H]2C1,active,1.4
CHEMBL267930,O=C(CCCN1CCC2(CC1)C(=O)NCN2c1ccccc1)c1ccc(F)cc1,active,0.25
CHEMBL1255588,CC(C)(C)[C@@]1(O)CCN2C[C@@H]3c4ccccc4CCc4cccc(c43)[C@H]2C1,active,2.2
CHEMBL2392351,COc1ccccc1N1CCN(CCCCCN2Cc3c(Cl)nc4ccccc4c3C2=O)CC1,active,100.0
CHEMBL2392349,COc1ccccc1N1CCN(CCCCCN2Cc3ccc4ccccc4c3C2=O)CC1,active,3.5
CHEMBL643,CC(CN1c2ccccc2Sc2ccccc21)N(C)C,active,100.0
CHEMBL71,CN(C)CCCN1c2ccccc2Sc2ccc(Cl)cc21,active,12.0
CHEMBL11,CN(C)CCCN1c2ccccc2CCc2ccccc21,active,410.0
CHEMBL3099716,CC1(C)OC(=O)N([C@H]2CC[C@H](c3cnc(N)c(-c4ncccn4)c3)CC2)[C@H]1c1ccccc1,inactive,48500.0
CHEMBL1557,Cl.NCCc1ccc(O)c(O)c1,inactive,100000.0
CHEMBL1557,Cl.NCCc1ccc(O)c(O)c1,active,1000.0
CHEMBL3113646,COc1ccc2oc(=O)c(CN3CCCC3)cc2c1,inactive,30000.0
CHEMBL3113644,Nc1ccc2oc(=O)c(CN3CCCC3)cc2c1,inactive,16280.0
CHEMBL3113643,O=c1oc2ccc(OC(F)(F)F)cc2cc1CN1CCCC1,inactive,26000.0
CHEMBL3113642,O=c1oc2ccc(C(F)(F)F)cc2cc1CN1CCCC1,inactive,30000.0
CHEMBL3113641,O=c1oc2ccc([N+](=O)[O-])cc2cc1CN1CCCC1,inactive,30000.0
CHEMBL3113639,CCCNCc1cc2ccccc2oc1=O,inactive,30000.0
CHEMBL3134071,CN1CCc2cccc3c2[C@H]1Cc1ccc(OCCCNC(=O)CCCCCCCCCCCCCCCCCCC(=O)NCCCOc2ccc4c(c2O)-c2cccc5c2[C@@H](C4)N(C)CC5)c(O)c1-3,intermediate,1550.0
CHEMBL3134070,CN1CCc2cccc3c2[C@H]1Cc1ccc(OCCCNC(=O)CCCCCCCCCCCCCCCCC(=O)NCCCOc2ccc4c(c2O)-c2cccc5c2[C@@H](C4)N(C)CC5)c(O)c1-3,intermediate,2680.0
CHEMBL3134068,CN1CCc2cccc3c2[C@H]1Cc1ccc(OCCCNC(=O)CCCCCCCCCCC(=O)NCCCOc2ccc4c(c2O)-c2cccc5c2[C@@H](C4)N(C)CC5)c(O)c1-3,active,183.0
CHEMBL3134067,CN1CCc2cccc3c2[C@H]1Cc1ccc(OCCCNC(=O)CCCCCCCCC(=O)NCCCOc2ccc4c(c2O)-c2cccc5c2[C@@H](C4)N(C)CC5)c(O)c1-3,intermediate,1350.0
CHEMBL3134066,CN1CCc2cccc3c2[C@H]1Cc1ccc(OCCCNC(=O)CCCCCCC(=O)NCCCOc2ccc4c(c2O)-c2cccc5c2[C@@H](C4)N(C)CC5)c(O)c1-3,intermediate,3600.0
CHEMBL3134065,CN1CCc2cccc3c2[C@H]1Cc1ccc(OCCCNC(=O)CCCCC(=O)NCCCOc2ccc4c(c2O)-c2cccc5c2[C@@H](C4)N(C)CC5)c(O)c1-3,intermediate,5320.0
CHEMBL3134064,CN1CCc2cccc3c2[C@H]1Cc1ccc(OCCCNC(=O)CCC(=O)NCCCOc2ccc4c(c2O)-c2cccc5c2[C@@H](C4)N(C)CC5)c(O)c1-3,intermediate,4360.0
CHEMBL3134063,CN1CCc2cccc3c2[C@H]1Cc1ccc(OCCCNC(=O)CCCCCNC(=O)OC(C)(C)C)c(O)c1-3,intermediate,6540.0
CHEMBL53,CN1CCc2cccc3c2[C@H]1Cc1ccc(O)c(O)c1-3,active,117.0
CHEMBL1112,O=C1CCc2ccc(OCCCCN3CCN(c4cccc(Cl)c4Cl)CC3)cc2N1,active,11.22
CHEMBL2028019,CN(C)C(=O)N[C@H]1CC[C@H](CCN2CCN(c3cccc(Cl)c3Cl)CC2)CC1,active,1.66
CHEMBL3287397,O=Cc1cnn2ccc(OCCCCN3CCN(c4cccc(Cl)c4Cl)CC3)cc12,active,363.08
CHEMBL3287402,O=Cc1cc2cc(OCCCCN3CCN(c4cccc(Cl)c4Cl)CC3)ccn2n1,active,28.84
CHEMBL3287403,O/N=C/c1cnn2ccc(OCCCCN3CCN(c4cccc(Cl)c4Cl)CC3)cc12,active,3.802
CHEMBL54,O=C(CCCN1CCC(O)(c2ccc(Cl)cc2)CC1)c1ccc(F)cc1,active,0.7079
CHEMBL1112,O=C1CCc2ccc(OCCCCN3CCN(c4cccc(Cl)c4Cl)CC3)cc2N1,active,11.0
CHEMBL2028019,CN(C)C(=O)N[C@H]1CC[C@H](CCN2CCN(c3cccc(Cl)c3Cl)CC2)CC1,active,1.7
CHEMBL3287397,O=Cc1cnn2ccc(OCCCCN3CCN(c4cccc(Cl)c4Cl)CC3)cc12,active,360.0
CHEMBL3287402,O=Cc1cc2cc(OCCCCN3CCN(c4cccc(Cl)c4Cl)CC3)ccn2n1,active,22.0
CHEMBL3287403,O/N=C/c1cnn2ccc(OCCCCN3CCN(c4cccc(Cl)c4Cl)CC3)cc12,active,3.8
CHEMBL54,O=C(CCCN1CCC(O)(c2ccc(Cl)cc2)CC1)c1ccc(F)cc1,active,0.7
CHEMBL8514,CC(C)(C)[C@]1(O)CCN2C[C@H]3c4ccccc4CCc4cccc(c43)[C@@H]2C1,active,5.0
CHEMBL3287898,CCc1ccccc1NC(=O)N1C[C@@H](C)Oc2cc(-c3ccc([C@H]4CC[C@H](CC(=O)O)CC4)cc3)ccc21,inactive,10000.0
CHEMBL9666,COc1ccccc1N1CCNCC1,active,1000.0
CHEMBL3299093,COc1ccccc1N1CCN(CCNC(=O)OC(C)(C)C)CC1,active,93.3
CHEMBL3299097,COc1ccccc1N1CCN(CCCCCCNC(=O)OC(C)(C)C)CC1,active,3.98
CHEMBL9666,COc1ccccc1N1CCNCC1,active,1000.0
CHEMBL3299093,COc1ccccc1N1CCN(CCNC(=O)OC(C)(C)C)CC1,active,93.33
CHEMBL3299097,COc1ccccc1N1CCN(CCCCCCNC(=O)OC(C)(C)C)CC1,active,3.981
CHEMBL3357315,O=C(NCCN1CCC(n2c(=O)[nH]c3ccccc32)C(F)C1)c1ccc(F)c(F)c1,inactive,10000.0
CHEMBL3322993,COc1ccccc1N1CCN(CCCCNC(=O)c2cn3ccccc3n2)CC1,active,26.0
CHEMBL3322994,O=C(NCCCCN1CCN(c2cccc(Cl)c2Cl)CC1)c1cn2ccccc2n1,active,55.0
CHEMBL3323011,CC(C)(C)c1nc(N2CCN(CCCCNC(=O)c3cn4ccccc4n3)CC2)cc(C(F)(F)F)n1,intermediate,2300.0
CHEMBL3323013,CC(C)(C)c1nc(N2CCN(CCCCNC(=O)c3nc4ccccc4[nH]3)CC2)cc(C(F)(F)F)n1,active,490.0
CHEMBL3323015,CC(C)(C)c1nc(N2CCN(CCCCNC(=O)c3cn4cccnc4n3)CC2)cc(C(F)(F)F)n1,active,205.0
CHEMBL3323016,CC(C)(C)c1nc(N2CCN(CCCCNC(=O)c3cn4ccncc4n3)CC2)cc(C(F)(F)F)n1,active,420.0
CHEMBL3323017,CC(C)(C)c1nc(N2CCN(CCCCNC(=O)c3cn4nc(Cl)ccc4n3)CC2)cc(C(F)(F)F)n1,intermediate,1160.0
CHEMBL3322993,COc1ccccc1N1CCN(CCCCNC(=O)c2cn3ccccc3n2)CC1,active,6.6
CHEMBL3322994,O=C(NCCCCN1CCN(c2cccc(Cl)c2Cl)CC1)c1cn2ccccc2n1,active,91.0
CHEMBL3322995,O=C(NCCCCN1CCN(c2cccc(C(F)(F)F)c2)CC1)c1cn2ccccc2n1,active,60.0
CHEMBL3322998,O=C(NCCCCN1CCN(c2ccnc3ccccc23)CC1)c1cn2ccccc2n1,active,161.0
CHEMBL3323003,O=C(NCCCCN1CCN(c2ncnc3ccccc23)CC1)c1cn2ccccc2n1,active,248.0
CHEMBL3323011,CC(C)(C)c1nc(N2CCN(CCCCNC(=O)c3cn4ccccc4n3)CC2)cc(C(F)(F)F)n1,active,261.0
CHEMBL3323012,CC(C)(C)c1nc(N2CCN(CCCCNC(=O)c3cc4ccccc4[nH]3)CC2)cc(C(F)(F)F)n1,active,418.0
CHEMBL3323013,CC(C)(C)c1nc(N2CCN(CCCCNC(=O)c3nc4ccccc4[nH]3)CC2)cc(C(F)(F)F)n1,active,301.0
CHEMBL3323015,CC(C)(C)c1nc(N2CCN(CCCCNC(=O)c3cn4cccnc4n3)CC2)cc(C(F)(F)F)n1,active,37.0
CHEMBL3323016,CC(C)(C)c1nc(N2CCN(CCCCNC(=O)c3cn4ccncc4n3)CC2)cc(C(F)(F)F)n1,active,49.0
CHEMBL3323017,CC(C)(C)c1nc(N2CCN(CCCCNC(=O)c3cn4nc(Cl)ccc4n3)CC2)cc(C(F)(F)F)n1,active,22.0
CHEMBL3323019,CN(C)Cc1c(C(=O)NCCCCN2CCN(c3cc(C(F)(F)F)nc(C(C)(C)C)n3)CC2)[nH]c2ccccc12,active,311.0
CHEMBL3323112,CN(C)Cc1c(C(=O)NCCCCN2CCN(c3cc(C(F)(F)F)nc(C(C)(C)C)n3)CC2)nc2ccccn12,active,217.0
CHEMBL3323114,CN(C)Cc1cccc2nc(C(=O)NCCCCN3CCN(c4cc(C(F)(F)F)nc(C(C)(C)C)n4)CC3)cn12,active,281.0
CHEMBL3323117,CC(C)(C)c1nc(N2CCN(CCCCNC(=O)[C@H]3CC[C@H](c4ccccc4)CC3)CC2)cc(C(F)(F)F)n1,active,500.0
CHEMBL54,O=C(CCCN1CCC(O)(c2ccc(Cl)cc2)CC1)c1ccc(F)cc1,active,0.16
CHEMBL3322994,O=C(NCCCCN1CCN(c2cccc(Cl)c2Cl)CC1)c1cn2ccccc2n1,active,1.1
CHEMBL3323011,CC(C)(C)c1nc(N2CCN(CCCCNC(=O)c3cn4ccccc4n3)CC2)cc(C(F)(F)F)n1,active,111.0
CHEMBL3323016,CC(C)(C)c1nc(N2CCN(CCCCNC(=O)c3cn4ccncc4n3)CC2)cc(C(F)(F)F)n1,active,25.0
CHEMBL3311308,COc1ccc(S(=O)(=O)Nc2c(C)cc(C)cc2C)cc1,inactive,31622.78
CHEMBL3311308,COc1ccc(S(=O)(=O)Nc2c(C)cc(C)cc2C)cc1,inactive,30199.52
CHEMBL3344458,CCCCc1cc2c(s1)C[C@H]1c3cc(O)c(OC)cc3CCN1C2,active,910.0
CHEMBL3344459,COc1cc2c(cc1O)[C@@H]1Cc3sc(CC(C)C)cc3CN1CC2,active,160.0
CHEMBL487387,COc1cc2c(cc1O)[C@@H]1Cc3ccc(O)c(OC)c3CN1CC2,intermediate,4380.0
CHEMBL54,O=C(CCCN1CCC(O)(c2ccc(Cl)cc2)CC1)c1ccc(F)cc1,active,410.0
CHEMBL3335539,COc1ccc(CN2CCOC(CCc3ccccc3)C2)cc1,inactive,16500.0
CHEMBL3335555,Oc1ccc(CN2CCO[C@H](CCc3ccccc3)C2)cc1,inactive,16500.0
CHEMBL3335535,c1ccc(CCC2CN(Cc3nc4ccccc4[nH]3)CCO2)cc1,inactive,100000.0
CHEMBL3335536,c1ccc(CC[C@H]2CN(Cc3nc4ccccc4[nH]3)CCO2)cc1,inactive,100000.0
CHEMBL3335537,c1ccc(CC[C@@H]2CN(Cc3nc4ccccc4[nH]3)CCO2)cc1,inactive,100000.0
CHEMBL71,CN(C)CCCN1c2ccccc2Sc2ccc(Cl)cc21,active,1.0
CHEMBL71,CN(C)CCCN1c2ccccc2Sc2ccc(Cl)cc21,active,1.0
CHEMBL53,CN1CCc2cccc3c2[C@H]1Cc1ccc(O)c(O)c1-3,active,4.2
CHEMBL3335556,Clc1ccc(CN2CCO[C@H](CCc3ccccc3)C2)cc1,inactive,20000.0
CHEMBL3561555,COc1ccc(CN2CCO[C@@H](CCc3ccccc3)C2)cc1,inactive,16500.0
CHEMBL3335556,Clc1ccc(CN2CCO[C@H](CCc3ccccc3)C2)cc1,inactive,20000.0
CHEMBL3561555,COc1ccc(CN2CCO[C@@H](CCc3ccccc3)C2)cc1,inactive,20000.0
CHEMBL1627305,O=C(NCCC(O)CN1CCN(c2cccc(Cl)c2Cl)CC1)c1cc2ccccc2[nH]1,intermediate,4400.0
CHEMBL3597643,O=C(NCCCCN1CCN(c2cccc3ccccc23)CC1)c1cc2ccccc2[nH]1,active,87.0
CHEMBL68740,O=C(NCCCCN1CCN(c2cccc(Cl)c2Cl)CC1)c1cc2cc(F)ccc2[nH]1,active,564.4
CHEMBL3597635,O=C(NCCCCN1CCN(c2cccc3ccccc23)CC1)c1cnc2ccccc2c1,active,29.0
CHEMBL3597636,O=C(NCCC(O)CN1CCN(c2cccc3ccccc23)CC1)c1cnc2ccccc2c1,active,720.0
CHEMBL3597637,COc1c(Cl)cccc1N1CCN(CCCCNC(=O)c2cnc3ccccc3c2)CC1,active,63.0
CHEMBL3623290,COc1cc2ncnc(Nc3cccc(Cl)c3F)c2cc1OC(=O)N1CCN(C)C[C@H]1C,active,797.0
CHEMBL27,CC(C)NCC(O)COc1cccc2ccccc12,intermediate,5011.87
CHEMBL3736433,CB1C=Cc2cccc(OCC(O)CN(C)C)c2N1,intermediate,5011.87
CHEMBL3736156,CB1C=Cc2c(cccc2OCC(O)CN(C)C)N1,intermediate,5011.87
CHEMBL8514,CC(C)(C)[C@]1(O)CCN2C[C@H]3c4ccccc4CCc4cccc(c43)[C@@H]2C1,active,1.1
CHEMBL3805518,CNC(=O)c1cc(OCCCCN2CCC(c3noc4cc(F)ccc34)CC2)ccc1F,active,23.0
CHEMBL3805559,CNC(=O)c1cccc(OCCCCN2CCC(c3noc4cc(F)ccc34)CC2)c1,active,8.5
CHEMBL3805376,CNC(=O)c1ccc(OCCCCN2CCN(c3cccc(Cl)c3Cl)CC2)cc1,active,70.0
CHEMBL3804954,CNC(=O)c1ccccc1OCCCCN1CCN(c2cccc(Cl)c2Cl)CC1,active,167.0
CHEMBL3805600,CC(=O)Nc1cccc(OCCCCN2CCN(c3cccc(Cl)c3Cl)CC2)c1,active,98.4
CHEMBL1112,O=C1CCc2ccc(OCCCCN3CCN(c4cccc(Cl)c4Cl)CC3)cc2N1,active,17.2
CHEMBL3805860,CNC(=O)c1cccc(OCCCCN2CCN(c3nsc4ccccc34)CC2)c1,active,10.0
CHEMBL3805099,CNC(=O)c1cc(OCCCCN2CCN(c3nsc4ccccc34)CC2)ccc1F,active,12.0
CHEMBL3805704,CNC(=O)c1cccc(OCCCCN2CCN(c3cccc4sccc34)CC2)c1,active,91.0
CHEMBL3805649,CNC(=O)c1cc(OCCCCN2CCN(c3cccc4sccc34)CC2)ccc1F,active,43.0
CHEMBL3805165,CNC(=O)c1cccc(OCCCCN2CCN(c3cccc4c3OC(F)(F)O4)CC2)c1,active,4.1
CHEMBL3804965,CNC(=O)c1cc(OCCCCN2CCN(c3cccc4c3OC(F)(F)O4)CC2)ccc1F,active,30.0
CHEMBL3805077,CNC(=O)c1cccc(OCCCCN2CCN(c3cccc(Cl)c3Cl)CC2)c1,active,32.0
CHEMBL3806169,NC(=O)c1cccc(OCCCCN2CCN(c3cccc(Cl)c3Cl)CC2)c1,active,55.0
CHEMBL3805772,CCNC(=O)c1cccc(OCCCCN2CCN(c3cccc(Cl)c3Cl)CC2)c1,active,116.0
CHEMBL3805826,CCCCCNC(=O)c1cccc(OCCCCN2CCN(c3cccc(Cl)c3Cl)CC2)c1,active,16.8
CHEMBL3805120,CNC(=O)c1cc(OCCCCN2CCN(c3cccc(Cl)c3Cl)CC2)ccc1C,active,9.8
CHEMBL3805884,CNC(=O)c1cc(OCCCCN2CCN(c3cccc(Cl)c3Cl)CC2)ccc1F,active,39.4
CHEMBL3806091,CNC(=O)c1cccc(OCCCCN2CCN(c3cccc(Cl)c3Cl)CC2)c1C,intermediate,3600.0
CHEMBL3804943,CNC(=O)c1ccc(OC)c(OCCCCN2CCN(c3cccc(Cl)c3Cl)CC2)c1,active,12.0
CHEMBL3806224,CNC(=O)c1cc(OCCCCN2CCN(c3cccc(Cl)c3Cl)CC2)ccc1Cl,active,34.9
CHEMBL3806047,CNC(=O)c1cc(C)cc(OCCCCN2CCN(c3cccc(Cl)c3Cl)CC2)c1,active,89.8
CHEMBL3805434,CNC(=O)c1cc(OCCCCN2CCN(c3cccc(Cl)c3Cl)CC2)cc(C(C)=O)c1,active,37.7
CHEMBL3805327,CNC(=O)c1ccc(Cl)c(OCCCCN2CCN(c3cccc(Cl)c3Cl)CC2)c1,active,58.5
CHEMBL3805262,CNC(=O)c1cc(F)cc(OCCCCN2CCN(c3cccc(Cl)c3Cl)CC2)c1,intermediate,1580.0
CHEMBL3805515,CNC(=O)c1cccc(OCCCCN2CCN(c3cccc(Cl)c3Cl)CC2)c1OC,active,202.0
CHEMBL3805046,CNC(=O)c1cccc(OCCCCN2CCN(c3cccc(Cl)c3Cl)CC2)c1F,active,171.0
CHEMBL11493,CCCCN1C2CCC1CC(OC(c1ccc(F)cc1)c1ccc(F)cc1)C2,inactive,10000.0
CHEMBL3126735,Fc1ccc(C(SCCNCCCc2ccccc2)c2ccc(F)cc2)cc1,intermediate,2000.0
CHEMBL3916231,CC(O)CN1CCN(CCSC(c2ccc(F)cc2)c2ccc(F)cc2)CC1,inactive,10000.0
CHEMBL3931765,CC(O)CN1CCN(CC[S+]([O-])C(c2ccc(F)cc2)c2ccc(F)cc2)CC1,inactive,10000.0
CHEMBL3918282,[O-][S+](CCN1CCN(CC(O)Cc2ccccc2)CC1)C(c1ccc(F)cc1)c1ccc(F)cc1,inactive,10000.0
CHEMBL8946,CCc1cc(Cl)c(OC)c(C(=O)NC[C@@H]2CCCN2CC)c1O,inactive,10000.0
CHEMBL1201192,NC(=O)C[S@@+]([O-])C(c1ccccc1)c1ccccc1,active,2.1
CHEMBL3946995,O=C(N[C@H]1CC[C@H](CCN2CCN(c3nsc4ccccc34)CC2)CC1)c1ccco1,active,61.45
CHEMBL243712,CCN1CCCC1CNC(=O)c1cc(S(=O)(=O)CC)c(N)cc1OC,active,3.04
CHEMBL3885419,CC(C)(C)[C@]1(O)CCN2C[C@@H]3c4ccccc4CCc4cccc(c43)[C@@H]2C1,active,1.1
CHEMBL244562,O=C(NC/C=C/CN1CCN(c2cccc(Cl)c2Cl)CC1)c1ccc(-c2cccc(=O)[nH]2)cc1,active,41.0
CHEMBL398175,Cc1cccc(-c2ccc(C(=O)NC/C=C/CN3CCN(c4cccc(Cl)c4Cl)CC3)cc2)n1,intermediate,1300.0
CHEMBL244773,Cc1cccnc1-c1ccc(C(=O)NC/C=C/CN2CCN(c3cccc(Cl)c3Cl)CC2)cc1,active,368.0
CHEMBL244774,O=C(NC/C=C/CN1CCN(c2cccc(Cl)c2Cl)CC1)c1ccc(-c2cccc[n+]2[O-])cc1,active,22.9
CHEMBL394541,COc1ccccc1N1CCN(C/C=C/CNC(=O)c2ccc(-c3ccccn3)cc2)CC1,active,175.0
CHEMBL244989,COc1ccccc1N1CCN(C/C=C/CNC(=O)c2ccc3c(c2)Cc2ccccc2-3)CC1,active,179.0
CHEMBL244990,O=C(NCCC(O)CN1CCN(c2cccc(Cl)c2Cl)CC1)c1ccc(-c2ccccn2)cc1,active,15.8
CHEMBL390253,O=C(NCC(O)CCN1CCN(c2cccc(Cl)c2Cl)CC1)c1ccc(-c2ccccn2)cc1,active,88.3
CHEMBL3982119,COc1cc2c(cc1OC)[C@@H]1Cc3c(OC)ccc(OC)c3CN1CC2,intermediate,1727.6
CHEMBL3903297,c1c2c(cc3c1OCO3)CN1CCc3cc4c(cc3[C@@H]1C2)OCO4,intermediate,1239.4
CHEMBL3897805,COc1ccc(OC)c2c1C[C@H]1c3cc4c(cc3CCN1C2)OCO4,intermediate,2508.05
CHEMBL2057451,COc1cc2c(cc1OC)[C@@H]1Cc3cc(C)cc(C)c3CN1CC2,intermediate,1155.3
CHEMBL2334893,COc1cc2c(cc1O)[C@@H]1Cc3cc4c(cc3CN1CC2)OCO4,active,91.11
CHEMBL2057457,COc1cc2c(cc1O)[C@@H]1Cc3cc(C)cc(C)c3CN1CC2,active,456.13
CHEMBL267930,O=C(CCCN1CCC2(CC1)C(=O)NCN2c1ccccc1)c1ccc(F)cc1,active,2.56
CHEMBL240773,CCCN1CCC[C@@H]2Cc3[nH]ncc3C[C@H]21,active,462.0
CHEMBL8514,CC(C)(C)[C@]1(O)CCN2C[C@H]3c4ccccc4CCc4cccc(c43)[C@@H]2C1,active,0.81
CHEMBL4097572,CN[C@@H]1Cc2cccc3c2n(c(=O)n3CCCCCCCCOCCCCc2ccccc2)C1,intermediate,5000.0
CHEMBL4076129,CN[C@@H]1Cc2cccc3c2n(c(=O)n3CCCCCCCCCCOCCCCc2ccccc2)C1,intermediate,5000.0
CHEMBL4077430,CN[C@@H]1Cc2cccc3c2n(c(=O)n3CCCCOc2ccc3c(c2)NC(=O)CC3)C1,intermediate,5000.0
CHEMBL4100734,CN[C@@H]1Cc2cccc3c2n(c(=O)n3CCCCCCCCCCCCOc2ccc3c(c2)NC(=O)CC3)C1,intermediate,5000.0
CHEMBL4068455,CCCN(CCC)[C@@H]1Cc2cccc3c2n(c(=O)n3CCCCNC(=O)c2cc3ccccc3[nH]2)C1,intermediate,5000.0
CHEMBL4100322,CN[C@@H]1Cc2cccc3c2n(c(=O)n3CCOCCOCCCCc2ccccc2)C1,intermediate,5000.0
CHEMBL4085282,CN[C@@H]1Cc2cccc3c2n(c(=O)n3CCOCCOCCOCCCCc2ccccc2)C1,intermediate,5000.0
CHEMBL4095452,CN[C@@H]1Cc2cccc3c2n(c(=O)n3CCOCCOCCOCCOc2ccc3c(c2)NC(=O)CC3)C1,intermediate,5000.0
CHEMBL4093477,CCCN(CCCCNC(=O)c1cc2ccccc2[nH]1)[C@@H]1Cc2cccc3c2n(c(=O)n3CCC)C1,intermediate,5000.0
CHEMBL4096422,CN(CCCCOc1ccc2c(c1)NC(=O)CC2)[C@@H]1Cc2cccc3[nH]c(=O)n(c23)C1,intermediate,5000.0
CHEMBL3797209,CCCN(CCC)[C@@H]1Cc2cccc3c2n(c(=O)n3CCC)C1,active,157.8
CHEMBL4097572,CN[C@@H]1Cc2cccc3c2n(c(=O)n3CCCCCCCCOCCCCc2ccccc2)C1,intermediate,5000.0
CHEMBL4076129,CN[C@@H]1Cc2cccc3c2n(c(=O)n3CCCCCCCCCCOCCCCc2ccccc2)C1,intermediate,5000.0
CHEMBL4077430,CN[C@@H]1Cc2cccc3c2n(c(=O)n3CCCCOc2ccc3c(c2)NC(=O)CC3)C1,intermediate,5000.0
CHEMBL4100734,CN[C@@H]1Cc2cccc3c2n(c(=O)n3CCCCCCCCCCCCOc2ccc3c(c2)NC(=O)CC3)C1,intermediate,5000.0
CHEMBL4068455,CCCN(CCC)[C@@H]1Cc2cccc3c2n(c(=O)n3CCCCNC(=O)c2cc3ccccc3[nH]2)C1,active,712.9
CHEMBL4100322,CN[C@@H]1Cc2cccc3c2n(c(=O)n3CCOCCOCCCCc2ccccc2)C1,intermediate,5000.0
CHEMBL4085282,CN[C@@H]1Cc2cccc3c2n(c(=O)n3CCOCCOCCOCCCCc2ccccc2)C1,intermediate,5000.0
CHEMBL4095452,CN[C@@H]1Cc2cccc3c2n(c(=O)n3CCOCCOCCOCCOc2ccc3c(c2)NC(=O)CC3)C1,intermediate,5000.0
CHEMBL4093477,CCCN(CCCCNC(=O)c1cc2ccccc2[nH]1)[C@@H]1Cc2cccc3c2n(c(=O)n3CCC)C1,intermediate,5000.0
CHEMBL3797209,CCCN(CCC)[C@@H]1Cc2cccc3c2n(c(=O)n3CCC)C1,active,931.1
CHEMBL4097572,CN[C@@H]1Cc2cccc3c2n(c(=O)n3CCCCCCCCOCCCCc2ccccc2)C1,intermediate,5000.0
CHEMBL4076129,CN[C@@H]1Cc2cccc3c2n(c(=O)n3CCCCCCCCCCOCCCCc2ccccc2)C1,intermediate,4487.5
CHEMBL4077430,CN[C@@H]1Cc2cccc3c2n(c(=O)n3CCCCOc2ccc3c(c2)NC(=O)CC3)C1,intermediate,4102.0
CHEMBL4100734,CN[C@@H]1Cc2cccc3c2n(c(=O)n3CCCCCCCCCCCCOc2ccc3c(c2)NC(=O)CC3)C1,intermediate,5000.0
CHEMBL4068455,CCCN(CCC)[C@@H]1Cc2cccc3c2n(c(=O)n3CCCCNC(=O)c2cc3ccccc3[nH]2)C1,intermediate,3647.5
CHEMBL4100322,CN[C@@H]1Cc2cccc3c2n(c(=O)n3CCOCCOCCCCc2ccccc2)C1,intermediate,5000.0
CHEMBL4085282,CN[C@@H]1Cc2cccc3c2n(c(=O)n3CCOCCOCCOCCCCc2ccccc2)C1,intermediate,5000.0
CHEMBL4095452,CN[C@@H]1Cc2cccc3c2n(c(=O)n3CCOCCOCCOCCOc2ccc3c(c2)NC(=O)CC3)C1,intermediate,5000.0
CHEMBL4093477,CCCN(CCCCNC(=O)c1cc2ccccc2[nH]1)[C@@H]1Cc2cccc3c2n(c(=O)n3CCC)C1,intermediate,2971.7
CHEMBL3797209,CCCN(CCC)[C@@H]1Cc2cccc3c2n(c(=O)n3CCC)C1,active,98.9
CHEMBL4097572,CN[C@@H]1Cc2cccc3c2n(c(=O)n3CCCCCCCCOCCCCc2ccccc2)C1,intermediate,5000.0
CHEMBL4076129,CN[C@@H]1Cc2cccc3c2n(c(=O)n3CCCCCCCCCCOCCCCc2ccccc2)C1,active,801.7
CHEMBL4077430,CN[C@@H]1Cc2cccc3c2n(c(=O)n3CCCCOc2ccc3c(c2)NC(=O)CC3)C1,intermediate,5000.0
CHEMBL4100734,CN[C@@H]1Cc2cccc3c2n(c(=O)n3CCCCCCCCCCCCOc2ccc3c(c2)NC(=O)CC3)C1,intermediate,5000.0
CHEMBL4068455,CCCN(CCC)[C@@H]1Cc2cccc3c2n(c(=O)n3CCCCNC(=O)c2cc3ccccc3[nH]2)C1,intermediate,2013.7
CHEMBL4100322,CN[C@@H]1Cc2cccc3c2n(c(=O)n3CCOCCOCCCCc2ccccc2)C1,intermediate,5000.0
CHEMBL4085282,CN[C@@H]1Cc2cccc3c2n(c(=O)n3CCOCCOCCOCCCCc2ccccc2)C1,intermediate,5000.0
CHEMBL4095452,CN[C@@H]1Cc2cccc3c2n(c(=O)n3CCOCCOCCOCCOc2ccc3c(c2)NC(=O)CC3)C1,intermediate,5000.0
CHEMBL4093477,CCCN(CCCCNC(=O)c1cc2ccccc2[nH]1)[C@@H]1Cc2cccc3c2n(c(=O)n3CCC)C1,intermediate,4529.0
CHEMBL4102561,Cc1nc2c(O)cccn2c(=O)c1CCN1CCN(c2cccc3sccc23)CC1,active,26.7
CHEMBL4074326,Cc1nc2n(c(=O)c1CCN1CCN(c3cccc4sccc34)CC1)CCC=C2.Cl,active,9.44
CHEMBL4094825,Cc1nc2ccccn2c(=O)c1CCN1CCN(c2cccc3sccc23)CC1,active,3.29
CHEMBL4065710,Cc1nc2n(c(=O)c1CCN1CCN(c3cccc4sccc34)CC1)CCCC2(C)O,active,31.5
CHEMBL4087132,Cc1nc2n(c(=O)c1CCN1CCN(c3cccc4sccc34)CC1)CCCC2(F)F.Cl,active,3.51
CHEMBL4103509,Cc1nc2n(c(=O)c1CCN1CCN(c3cccc4sccc34)CC1)CCCC2=O,active,40.5
CHEMBL4079251,Cc1nc2n(c(=O)c1CCN1CCN(c3cccc4sccc34)CC1)CCCC2Cl,active,5.49
CHEMBL4104261,Cc1nc2n(c(=O)c1CCN1CCN(c3cccc4sccc34)CC1)CCCC2F,active,3.32
CHEMBL4061068,Cc1nc2n(c(=O)c1CCN1CCN(c3nsc4ccccc34)CC1)CCCC2(C)O,active,2.4
CHEMBL4062992,Cc1nc2n(c(=O)c1CCN1CCN(c3nsc4ccccc34)CC1)CCCC2(F)F,active,5.2
CHEMBL4084663,Cc1nc2n(c(=O)c1CCN1CCN(c3nsc4ccccc34)CC1)CCCC2=O,active,7.6
CHEMBL4101115,Cc1nc2n(c(=O)c1CCN1CCN(c3nsc4ccccc34)CC1)CCCC2Cl,active,8.29
CHEMBL4074373,Cc1nc2n(c(=O)c1CCN1CCN(c3nsc4ccccc34)CC1)CCCC2F,active,7.8
CHEMBL4082150,Cc1ccc(Sc2ccccc2N2CCN(CCc3c(C)nc4n(c3=O)CCCC4O)CC2)c(C)c1.Cl,active,875.0
CHEMBL4100152,Cc1nc2n(c(=O)c1CCN1CCN(c3cccc4c3OC(F)(F)O4)CC1)CCCC2O,active,27.0
CHEMBL4077006,Cc1nc2n(c(=O)c1CCN1CCN(c3cccc4c3OC(F)(F)O4)CC1)CCCC2.Cl,active,36.6
CHEMBL4064609,Cc1nc2n(c(=O)c1CCN1CCN(c3ncnc4sccc34)CC1)CCCC2O,intermediate,6660.0
CHEMBL4063748,Cc1nc2n(c(=O)c1CCN1CCN(c3ncnc4sccc34)CC1)CCCC2,intermediate,5530.0
CHEMBL4091554,Cc1nc2n(c(=O)c1CCN1CCN(c3cncc4sccc34)CC1)CCCC2O,active,960.0
CHEMBL4097395,Cc1nc2n(c(=O)c1CCN1CCN(c3nccc4sccc34)CC1)CCCC2O,active,20.0
CHEMBL4079365,Cc1nc2n(c(=O)c1CCN1CCN(c3nccc4sccc34)CC1)CCCC2,active,37.6
CHEMBL4105102,Cc1nc2n(c(=O)c1CCN1CCN(c3cccc4scnc34)CC1)CCCC2O,inactive,10000.0
CHEMBL4087246,Cc1nc2n(c(=O)c1CCN1CCN(c3cccc4c3CCS4)CC1)CCCC2O,active,11.8
CHEMBL4067506,Cc1nc2n(c(=O)c1CCN1CCN(c3csc4ccsc34)CC1)CCCC2O,active,157.0
CHEMBL4094926,Cc1nc2n(c(=O)c1CCN1CCC(c3cccc4sccc34)CC1)CCCC2O,active,75.4
CHEMBL4078409,Cc1nc2n(c(=O)c1CCN1CCC(c3cccc4sccc34)CC1)CCCC2.Cl,active,10.4
CHEMBL4102670,Cc1nc2n(c(=O)c1CCN1CCN(c3cccc4sccc34)CC1)CCCC2O,active,3.31
CHEMBL4083333,Cc1nc2n(c(=O)c1CCN1CCN(c3cccc4sccc34)CC1)CCCC2,active,2.61
CHEMBL4060678,Cc1nc2n(c(=O)c1CCN1CCN(c3nsc4ccccc34)CC1)CCCC2O,active,5.1
CHEMBL4098594,Cc1nc2n(c(=O)c1CCN1CCN(c3noc4cc(F)ccc34)CC1)CCCC2O,active,9.65
CHEMBL1621,Cc1nc2n(c(=O)c1CCN1CCC(c3noc4cc(F)ccc34)CC1)CCCC2O,active,8.28
CHEMBL85,Cc1nc2n(c(=O)c1CCN1CCC(c3noc4cc(F)ccc34)CC1)CCCC2,active,7.09
CHEMBL4082084,Cc1nc2n(c(=O)c1CCN1CCC(c3noc4cc(F)ccc34)CC1)CCCC2(C)O,active,80.0
CHEMBL4096467,Cc1nc2n(c(=O)c1CCN1CCC(c3noc4cc(F)ccc34)CC1)CCCC2(F)F.Cl,active,5.0
CHEMBL4077702,Cc1nc2n(c(=O)c1CCN1CCC(c3noc4cc(F)ccc34)CC1)CCCC2=O,active,9.1
CHEMBL4090872,Cc1nc2n(c(=O)c1CCN1CCC(c3noc4cc(F)ccc34)CC1)CCCC2Cl,active,2.87
CHEMBL4062936,Cc1nc2n(c(=O)c1CCN1CCC(c3noc4cc(F)ccc34)CC1)CCCC2F,active,6.2
CHEMBL4128926,CC(C)(C)NS(=O)(=O)c1ccc(-c2sc(C(=O)N[C@H]3C[C@H](C(=O)O)C3)nc2CC2CCCCC2)c2ccccc12,active,1.8
CHEMBL4210030,CNC(=O)c1cc(OCCCCN2CCC(c3noc4cc(F)ccc34)CC2)ccn1,active,59.8
CHEMBL4210637,CCNC(=O)c1cc(OCCCCN2CCC(c3noc4cc(F)ccc34)CC2)ccn1,active,37.6
CHEMBL4212622,O=C(NC1CC1)c1cc(OCCCCN2CCC(c3noc4cc(F)ccc34)CC2)ccn1,active,53.5
CHEMBL4213342,CNC(=O)c1cc(OCCCCN2CCN(c3nsc4ccccc34)CC2)ccn1,active,11.4
CHEMBL4217986,NC(=O)c1cc(OCCCCN2CCN(c3nsc4ccccc34)CC2)ccn1,active,42.6
CHEMBL4202871,O=C(NC1CC1)c1cc(OCCCCN2CCN(c3nsc4ccccc34)CC2)ccn1,active,65.2
CHEMBL4214528,CNC(=O)c1cc(OCCCCN2CCN(c3cccc(Cl)c3Cl)CC2)ccn1,active,26.5
CHEMBL4209188,CNC(=O)c1cc(OCCCCN2CCN(c3cccc4sccc34)CC2)ccn1,active,24.0
CHEMBL4217182,CNC(=O)c1cc(OCCCCN2CCN(c3cccc4sc(F)cc34)CC2)ccn1,active,8.0
CHEMBL4213586,CNC(=O)c1cncc(OCCCCN2CCC(c3noc4cc(F)ccc34)CC2)c1,active,123.0
CHEMBL4218526,CCNC(=O)c1cncc(OCCCCN2CCC(c3noc4cc(F)ccc34)CC2)c1,active,59.0
CHEMBL4217039,O=C(NC1CC1)c1cncc(OCCCCN2CCC(c3noc4cc(F)ccc34)CC2)c1,active,42.5
CHEMBL4205326,CNC(=O)c1cncc(OCCCCN2CCN(c3nsc4cc(F)ccc34)CC2)c1,active,85.0
CHEMBL4204832,CNC(=O)c1ccnc(OCCCCN2CCC(c3noc4cc(F)ccc34)CC2)c1,active,299.0
CHEMBL4209705,CCNC(=O)c1ccnc(OCCCCN2CCC(c3noc4cc(F)ccc34)CC2)c1,active,65.5
CHEMBL4210128,O=C(NC1CC1)c1ccnc(OCCCCN2CCC(c3noc4cc(F)ccc34)CC2)c1,active,51.7
CHEMBL4215048,CNC(=O)c1ccnc(OCCCCN2CCN(c3nsc4cc(F)ccc34)CC2)c1,active,89.1
CHEMBL4205772,CNC(=O)c1cccc(OCCCCN2CCC(c3noc4cc(F)ccc34)CC2)n1,active,9.3
CHEMBL4214642,CNC(=O)c1cccc(OCCCCN2CCN(c3nsc4cc(F)ccc34)CC2)n1,active,11.4
CHEMBL4207328,CNC(=O)c1cccc(OCCCCN2CCN(c3cccc(Cl)c3Cl)CC2)n1,active,51.1
CHEMBL4202443,CNC(=O)c1cccc(OCCCCN2CCN(c3cccc4sccc34)CC2)n1,active,86.1
CHEMBL4211473,CNC(=O)c1cccc(OCCCCN2CCN(c3ccc4ccsc4c3)CC2)n1,active,412.0
CHEMBL1112,O=C1CCc2ccc(OCCCCN3CCN(c4cccc(Cl)c4Cl)CC3)cc2N1,active,32.0
CHEMBL4209888,COc1ccccc1N1CCN(CCCOc2ccc(C)cc2C)CC1.Cl,active,17.7
CHEMBL4213352,COc1ccccc1N1CCN(CCOCCOc2cc(C)cc(C)c2C)CC1.Cl.Cl,active,78.5
CHEMBL4207653,COc1ccccc1N1CCN(CCOCCOc2c(C)cc(C)cc2C)CC1.Cl.Cl,active,82.0
CHEMBL71,CN(C)CCCN1c2ccccc2Sc2ccc(Cl)cc21,active,3.0
CHEMBL4280940,O=C1[C@@H]2[C@H]3CC[C@H](C3)[C@@H]2C(=O)N1CCCCN1CCC(c2noc3cc(F)ccc23)CC1,active,4.8
CHEMBL4292250,O=C1[C@@H]2[C@H]3CC[C@H](C3)[C@@H]2C(=O)N1CCCCN1CCN(c2ccc3ccsc3c2)CC1,active,80.2
CHEMBL4284346,O=C1[C@@H]2[C@H]3CC[C@H](C3)[C@@H]2C(=O)N1CCCCN1CCN(c2cccc3sccc23)CC1,active,6.1
CHEMBL4277101,O=C1[C@@H]2[C@H](C(=O)N1CCCCN1CCN(c3cccc4sccc34)CC1)[C@H]1C=C[C@@H]2C1,active,6.4
CHEMBL4287752,O=C1[C@@H]2[C@H](C(=O)N1CCCCN1CCN(c3cccc4scnc34)CC1)[C@H]1C=C[C@@H]2C1,active,9.6
CHEMBL4289238,O=C1[C@@H]2[C@H](C(=O)N1CCCCN1CCN(c3cccc4sc(F)cc34)CC1)[C@H]1C=C[C@@H]2C1,active,2.5
CHEMBL4278581,O=C1[C@@H]2[C@H](C(=O)N1CCCCN1CCN(c3cccc4ccsc34)CC1)[C@H]1C=C[C@@H]2C1,active,5.3
CHEMBL4285839,O=C1[C@@H]2[C@H](C(=O)N1CCCCN1CCN(c3cccc4c3OCCO4)CC1)[C@H]1C=C[C@@H]2C1,active,9.8
CHEMBL4293718,O=C1[C@@H]2[C@H](C(=O)N1CCCCN1CCN(c3cccc4c3OC(F)(F)O4)CC1)[C@H]1C=C[C@@H]2C1,active,2.0
CHEMBL4277532,O=C1[C@@H]2[C@H](C(=O)N1CCCCN1CCN(c3nsc4ccccc34)CC1)[C@H]1C=C[C@@H]2C1,active,4.2
CHEMBL4285479,O=C1[C@@H]2[C@H](C(=O)N1CCN1CCN(c3cccc4sccc34)CC1)[C@H]1C=C[C@@H]2C1,active,119.0
CHEMBL4292655,O=C1[C@@H]2[C@H](C(=O)N1CCCN1CCN(c3cccc4sccc34)CC1)[C@H]1C=C[C@@H]2C1,active,32.4
CHEMBL4282051,O=C1[C@@H]2[C@H](C(=O)N1CCCCCN1CCN(c3cccc4sccc34)CC1)[C@H]1C=C[C@@H]2C1,active,28.0
CHEMBL4284353,CC1(C)C2C(=O)N(CCCCN3CCN(c4cccc5sccc45)CC3)C(=O)C21,active,8.4
CHEMBL4292254,Cc1ccc(C23CC2C(=O)N(CCCCN2CCN(c4cccc5sccc45)CC2)C3=O)cc1,active,80.6
CHEMBL4291387,O=C1C2CCCC2C(=O)N1CCCCN1CCN(c2cccc3sccc23)CC1,active,13.0
CHEMBL4283546,O=C1C2CCCCC2C(=O)N1CCCCN1CCN(c2cccc3sccc23)CC1,active,4.3
CHEMBL4287980,O=C1C2CC=CCC2C(=O)N1CCCCN1CCN(c2cccc3sccc23)CC1,active,8.5
CHEMBL4280084,O=C1C2CC(O)C(O)CC2C(=O)N1CCCCN1CCN(c2cccc3sccc23)CC1,active,9.4
CHEMBL4279645,O=C1[C@@H]2[C@@H]3C[C@@H]([C@@H](O)[C@H]3O)[C@@H]2C(=O)N1CCCCN1CCN(c2cccc3sccc23)CC1,active,14.1
CHEMBL4290309,CC(=O)O[C@@H]1[C@@H]2C[C@H]([C@@H]1OC(C)=O)[C@H]1C(=O)N(CCCCN3CCN(c4cccc5sccc45)CC3)C(=O)[C@@H]21,active,44.6
CHEMBL4294797,O=C1c2ccccc2C(=O)N1CCCCN1CCN(c2cccc3sccc23)CC1,active,131.0
CHEMBL4286905,O=C1c2cccc(F)c2C(=O)N1CCCCN1CCN(c2cccc3sccc23)CC1,active,38.1
CHEMBL4277751,O=C1c2ccc(F)cc2C(=O)N1CCCCN1CCN(c2cccc3sccc23)CC1,active,213.0
CHEMBL4288388,O=C1c2cccc(Cl)c2C(=O)N1CCCCN1CCN(c2cccc3sccc23)CC1,active,30.1
CHEMBL4283369,O=C1c2ccc(Cl)cc2C(=O)N1CCCCN1CCN(c2cccc3sccc23)CC1,active,543.0
CHEMBL4291215,CC1(C)CC(=O)N(CCCCN2CCN(c3cccc4sccc34)CC2)C(=O)C1,active,7.2
CHEMBL4286717,CCC1(C)CC(=O)N(CCCCN2CCN(c3cccc4sccc34)CC2)C(=O)C1,active,10.9
CHEMBL4294617,O=C1CC2(CCCC2)CC(=O)N1CCCCN1CCN(c2cccc3sccc23)CC1,active,24.4
CHEMBL4295055,O=C1CC2(CCCCC2)CC(=O)N1CCCCN1CCN(c2cccc3sccc23)CC1,active,11.0
CHEMBL4293999,O=C(CCCCN1CCC(c2noc3cc(F)ccc23)CC1)c1cc2c3c(c1)CCN3C(=O)CC2,active,9.02
CHEMBL62,CN1CCc2cc(Cl)c(O)cc2[C@@H](c2ccccc2)C1,active,31.0
CHEMBL4515776,COC(=O)CN(CC(=O)NCCOCCOCCNC(=O)CCC(=O)Nc1ccc(CCN2CN(c3ccccc3)C3(CCN(CCCC(=O)c4ccc(F)cc4)CC3)C2=O)cc1)CC(=O)NCCOCCOCCNC(=O)CCC(=O)Nc1ccc(CCN2CN(c3ccccc3)C3(CCN(CCCC(=O)c4ccc(F)cc4)CC3)C2=O)cc1,active,15.0
CHEMBL4542935,COC(=O)CN(CC(=O)NCCOCCOCCNC(C)=O)CC(=O)NCCOCCOCCNC(=O)CCC(=O)Nc1ccc(CCN2CN(c3ccccc3)C3(CCN(CCCC(=O)c4ccc(F)cc4)CC3)C2=O)cc1,active,280.0
CHEMBL487182,COc1cc2c(cc1OC)[C@@H]1Cc3ccc(OC)c(OC)c3CN1CC2,active,450.0
CHEMBL2314745,COc1cc2c(cc1OC)C1Cc3ccc(OC)c(O)c3CN1CC2,intermediate,3110.0
CHEMBL2314734,COc1ccc2c(c1OC(C)=O)CN1CCc3cc4c(cc3C1C2)OCO4,active,420.0
CHEMBL2314740,COc1cc(/C=C/C(=O)Oc2c(OC)ccc3c2CN2CCc4cc5c(cc4C2C3)OCO5)ccc1OC(C)=O,intermediate,7960.0
CHEMBL2314747,COc1ccc2c(c1OC)CN1CCc3cc(O)c(O)cc3C1C2,active,40.0
CHEMBL4438471,COc1ccc2c(c1O)CN1CCc3cc(O)c(O)cc3C1C2,active,76.0
CHEMBL4521450,COc1cc2c(cc1O)CC1c3cc(OC)c(OC)cc3CCN1C2,intermediate,2590.0
CHEMBL4561303,COc1cc2c(cc1OC)C1Cc3ccc(O)cc3CN1CC2,intermediate,1530.0
CHEMBL4453330,COc1cc2c(cc1OC)C1Cc3c(cc(O)c(OC)c3OC)CN1CC2,intermediate,8810.0
CHEMBL4551037,COc1cc2c(cc1O)CC1c3cc4c(cc3CCN1C2)OCO4,intermediate,4940.0
CHEMBL4582377,Oc1cccc2c1CC1c3cc4c(cc3CCN1C2)OCO4,active,190.0
CHEMBL4476383,Oc1ccc2c(c1)CN1CCc3cc4c(cc3C1C2)OCO4,active,500.0
CHEMBL4544045,COc1cc2c(c(OC)c1O)CC1c3cc4c(cc3CCN1C2)OCO4,intermediate,1080.0
CHEMBL4435291,c1ccc(COc2cccc3c2CC2c4cc5c(cc4CCN2C3)OCO5)cc1,inactive,10000.0
CHEMBL2314741,COc1ccc2c(c1O[C@@H]1O[C@H](CO)[C@@H](O)[C@H](O)[C@H]1O)CN1CCc3cc4c(cc3[C@@H]1C2)OCO4,inactive,10000.0
CHEMBL2314742,COc1ccc2c(c1O[C@@H]1O[C@H](CO)[C@@H](O)[C@H](O)[C@H]1O)CN1CCc3cc4c(cc3[C@H]1C2)OCO4,inactive,10000.0
CHEMBL4528264,COc1cc2c(cc1O)C1Cc3cc(OC)c(OC)cc3CN1CC2,intermediate,3580.0
CHEMBL4585730,COc1cc2c(cc1OC)C1Cc3c(cc(OC)c(O)c3OC)CN1CC2,intermediate,6360.0
CHEMBL62,CN1CCc2cc(Cl)c(O)cc2[C@@H](c2ccccc2)C1,intermediate,2050.0
CHEMBL4467483,COc1ccc2c(c1OC)-c1c(Br)ccc3c1[C@@H](C2)N(C)CC3,active,30.2
CHEMBL4564103,COc1ccc2c(c1OC)-c1c(Br)ccc3c1[C@H](C2)N(C)CC3,active,316.23
CHEMBL4579687,COc1ccc2c(c1OC)-c1ccc(Br)c3c1[C@@H](C2)N(C)CC3,active,44.67
CHEMBL4513262,COc1ccc2c(c1OC)-c1ccc(Br)c3c1[C@H](C2)N(C)CC3,intermediate,1949.84
CHEMBL4439029,CCc1ccc2c3c1CCN(C)[C@@H]3Cc1ccc(OC)c(OC)c1-2,active,28.18
CHEMBL4442011,CCc1ccc2c3c1CCN(C)[C@H]3Cc1ccc(OC)c(OC)c1-2,active,40.74
CHEMBL4589737,COc1ccc2c(c1OC)-c1ccc(C)c3c1[C@@H](C2)N(C)CC3,intermediate,3630.78
CHEMBL8809,CCN1CCC[C@H]1CNC(=O)c1c(O)c(Cl)cc(Cl)c1OC,active,1.82
CHEMBL4467483,COc1ccc2c(c1OC)-c1c(Br)ccc3c1[C@@H](C2)N(C)CC3,active,30.35
CHEMBL4564103,COc1ccc2c(c1OC)-c1c(Br)ccc3c1[C@H](C2)N(C)CC3,active,337.5
CHEMBL4579687,COc1ccc2c(c1OC)-c1ccc(Br)c3c1[C@@H](C2)N(C)CC3,active,45.07
CHEMBL4513262,COc1ccc2c(c1OC)-c1ccc(Br)c3c1[C@H](C2)N(C)CC3,intermediate,1957.0
CHEMBL4439029,CCc1ccc2c3c1CCN(C)[C@@H]3Cc1ccc(OC)c(OC)c1-2,active,28.2
CHEMBL4442011,CCc1ccc2c3c1CCN(C)[C@H]3Cc1ccc(OC)c(OC)c1-2,active,40.77
CHEMBL4589737,COc1ccc2c(c1OC)-c1ccc(C)c3c1[C@@H](C2)N(C)CC3,intermediate,3629.0
CHEMBL8809,CCN1CCC[C@H]1CNC(=O)c1c(O)c(Cl)cc(Cl)c1OC,active,1.83
CHEMBL4467483,COc1ccc2c(c1OC)-c1c(Br)ccc3c1[C@@H](C2)N(C)CC3,active,0.123
CHEMBL4564103,COc1ccc2c(c1OC)-c1c(Br)ccc3c1[C@H](C2)N(C)CC3,active,363.08
CHEMBL4579687,COc1ccc2c(c1OC)-c1ccc(Br)c3c1[C@@H](C2)N(C)CC3,intermediate,3235.94
CHEMBL4513262,COc1ccc2c(c1OC)-c1ccc(Br)c3c1[C@H](C2)N(C)CC3,intermediate,8912.51
CHEMBL4442011,CCc1ccc2c3c1CCN(C)[C@H]3Cc1ccc(OC)c(OC)c1-2,inactive,10000.0
CHEMBL8809,CCN1CCC[C@H]1CNC(=O)c1c(O)c(Cl)cc(Cl)c1OC,active,100.0
CHEMBL4467483,COc1ccc2c(c1OC)-c1c(Br)ccc3c1[C@@H](C2)N(C)CC3,active,0.124
CHEMBL4564103,COc1ccc2c(c1OC)-c1c(Br)ccc3c1[C@H](C2)N(C)CC3,active,365.2
CHEMBL4579687,COc1ccc2c(c1OC)-c1ccc(Br)c3c1[C@@H](C2)N(C)CC3,intermediate,3222.0
CHEMBL4513262,COc1ccc2c(c1OC)-c1ccc(Br)c3c1[C@H](C2)N(C)CC3,intermediate,8900.0
CHEMBL4442011,CCc1ccc2c3c1CCN(C)[C@H]3Cc1ccc(OC)c(OC)c1-2,inactive,10000.0
CHEMBL8809,CCN1CCC[C@H]1CNC(=O)c1c(O)c(Cl)cc(Cl)c1OC,active,104.2
CHEMBL4563408,O=C(Nc1ccc(OC(F)F)nc1)NC1CCN(c2ncnc3c2nc(-c2ccccc2Cl)n3-c2ccc(Cl)cc2)CC1,inactive,10000.0
CHEMBL375596,Cc1cccc(NC(=O)CN2CCC(c3ccccn3)CC2)c1,inactive,50000.0
CHEMBL216393,Cc1cccc(NC(=O)CN2CCC(c3ccccc3)CC2)c1,inactive,16447.0
CHEMBL4473792,Cc1ccc(C2CCN(CC(=O)Nc3cccc(C)c3)CC2)cc1,inactive,44834.0
CHEMBL4436479,Cc1cccc(NC(=O)CN2CCC(c3ccc(Cl)cc3)CC2)c1,inactive,71437.0
CHEMBL4587925,Cc1ccc(C2CCN(CC(=O)Nc3cccc(C)c3)CC2)nc1,inactive,71065.0
CHEMBL4448320,Cc1cccc(NC(=O)CN2CCN(c3ccccn3)CC2)c1,inactive,100000.0
CHEMBL4443054,Cc1cccc(NC(=O)CN2CCN(c3ncccn3)CC2)c1,inactive,100000.0
CHEMBL4572245,Cc1cccc(NC(=O)CN2CCN(c3ccc(Cl)cn3)CC2)c1,inactive,66077.0
CHEMBL4473652,Cc1cccc(NC(=O)CN2CCN(c3cccc4ccccc34)CC2)c1,inactive,68329.0
CHEMBL4464861,Cc1cccc(NC(=O)CCN2CCC(c3ccccn3)CC2)c1,inactive,100000.0
CHEMBL4454068,Cc1cccc(NC(=O)CCN2CCN(c3ccccn3)CC2)c1,inactive,100000.0
CHEMBL4588808,Cc1cccc(NC(=O)CCN2CCN(c3ncccn3)CC2)c1,inactive,100000.0
CHEMBL4437912,CCc1cccc(NC(=O)CN2CCC(c3ccccn3)CC2)c1,inactive,16278.0
CHEMBL4442548,CCc1cccc(NC(=O)CN2CCN(c3ccccn3)CC2)c1,inactive,40466.0
CHEMBL4443848,CCc1cccc(NC(=O)CN2CCN(c3ccc(Cl)cn3)CC2)c1,inactive,46795.0
CHEMBL4592753,O=C(CN1CCN(c2ccccn2)CC1)Nc1cccnc1,inactive,100000.0
CHEMBL4591118,O=C(CN1CCN(c2ccc(Cl)cn2)CC1)Nc1cccnc1,inactive,86617.0
CHEMBL4453069,O=C(CN1CCN(c2ccccn2)CC1)Nc1cncnc1,inactive,94255.0
CHEMBL4456754,O=C(CN1CCN(c2ccc(Cl)cn2)CC1)Nc1cncnc1,inactive,72516.0
CHEMBL375596,Cc1cccc(NC(=O)CN2CCC(c3ccccn3)CC2)c1,intermediate,5846.0
CHEMBL216393,Cc1cccc(NC(=O)CN2CCC(c3ccccc3)CC2)c1,intermediate,7692.0
CHEMBL4473792,Cc1ccc(C2CCN(CC(=O)Nc3cccc(C)c3)CC2)cc1,inactive,89153.0
CHEMBL4436479,Cc1cccc(NC(=O)CN2CCC(c3ccc(Cl)cc3)CC2)c1,inactive,100000.0
CHEMBL4587925,Cc1ccc(C2CCN(CC(=O)Nc3cccc(C)c3)CC2)nc1,inactive,100000.0
CHEMBL4448320,Cc1cccc(NC(=O)CN2CCN(c3ccccn3)CC2)c1,inactive,16010.0
CHEMBL4443054,Cc1cccc(NC(=O)CN2CCN(c3ncccn3)CC2)c1,inactive,25008.0
CHEMBL4572245,Cc1cccc(NC(=O)CN2CCN(c3ccc(Cl)cn3)CC2)c1,inactive,100000.0
CHEMBL4473652,Cc1cccc(NC(=O)CN2CCN(c3cccc4ccccc34)CC2)c1,inactive,100000.0
CHEMBL4464861,Cc1cccc(NC(=O)CCN2CCC(c3ccccn3)CC2)c1,intermediate,7627.0
CHEMBL4454068,Cc1cccc(NC(=O)CCN2CCN(c3ccccn3)CC2)c1,intermediate,7067.0
CHEMBL4588808,Cc1cccc(NC(=O)CCN2CCN(c3ncccn3)CC2)c1,inactive,11847.0
CHEMBL4437912,CCc1cccc(NC(=O)CN2CCC(c3ccccn3)CC2)c1,inactive,67613.0
CHEMBL4442548,CCc1cccc(NC(=O)CN2CCN(c3ccccn3)CC2)c1,inactive,88447.0
CHEMBL4443848,CCc1cccc(NC(=O)CN2CCN(c3ccc(Cl)cn3)CC2)c1,inactive,70703.0
CHEMBL4451797,CN(C)C(=O)N[C@H]1CC[C@H](CCN2CCc3cccc(Cl)c3C2)CC1,active,71.0
CHEMBL42,CN1CCN(C2=Nc3cc(Cl)ccc3Nc3ccccc32)CC1,active,140.0
CHEMBL4084262,COc1ccccc1N1CCC2(CCN(CCCSc3nnc(-c4ccccc4)n3C)CC2)CC1,intermediate,1616.0
CHEMBL4083252,COc1ccccc1N1CCN(CCCSc2nnc(-c3ccccc3)n2C)CC1,active,328.3
CHEMBL54,O=C(CCCN1CCC(O)(c2ccc(Cl)cc2)CC1)c1ccc(F)cc1,active,0.16
CHEMBL1700053,COc1ccc(OCCN2CCN(C(=O)c3ccc(OC)cc3)CC2)cc1,inactive,15700.0
CHEMBL4449219,COc1ccc(C(=O)N2CCN(CCOc3ccccc3OC)CC2)cc1,intermediate,9000.0
CHEMBL4552311,COc1ccc(C(=O)N2CCN(CCOc3cccc(OC)c3)CC2)cc1,intermediate,6800.0
CHEMBL4436562,CCc1ccc(OCCN2CCN(C(=O)c3ccc(OC)cc3)CC2)cc1,inactive,50000.0
CHEMBL3262809,COc1ccc(C(=O)N2CCN(CCOc3ccc(Cl)cc3)CC2)cc1,inactive,10000.0
CHEMBL4519519,COc1ccc(C(=O)N2CCN(CCOc3ccc(OC(F)(F)F)cc3)CC2)cc1,inactive,50000.0
CHEMBL4444245,COc1ccc(C(=O)N2CCN(CCOc3cc(OC)cc(OC)c3)CC2)cc1,inactive,50000.0
CHEMBL3262808,COc1ccc(C(=O)N2CCN(CCOc3ccccc3)CC2)cc1,inactive,100000.0
CHEMBL4450129,COc1ccc(C(=O)N2CCN(CCOc3ccc4c(c3)OCO4)CC2)cc1,inactive,10000.0
CHEMBL4563661,COc1ccc(C(=O)N2CCN(CCOc3cccnc3)CC2)cc1,inactive,100000.0
CHEMBL4471690,COc1ccc(OCCN2CCN(C(=O)c3ccccc3)CC2)cc1,inactive,50000.0
CHEMBL4526308,COc1ccc(OCCN2CCN(C(=O)c3ccccc3OC)CC2)cc1,inactive,100000.0
CHEMBL4513935,COc1ccc(OCCN2CCN(C(=O)c3ccc(Cl)cc3)CC2)cc1,intermediate,9000.0
CHEMBL4451542,CCc1ccc(C(=O)N2CCN(CCOc3ccc(OC)cc3)CC2)cc1,intermediate,6000.0
CHEMBL4526466,COc1ccc(OCCN2CCN(C(=O)c3ccc(OC)cn3)CC2)cc1,inactive,100000.0
CHEMBL4472813,COc1ccc(OCCN2CCN(C(=O)c3ccc4[nH]ccc4c3)CC2)cc1,intermediate,4600.0
CHEMBL4533633,COc1ccc(OCCN2CCN(C(=O)c3c[nH]c4ccccc34)CC2)cc1,intermediate,2800.0
CHEMBL4476784,COc1ccc(OCCN2CCN(C(=O)c3cc4ccccc4[nH]3)CC2)cc1,inactive,10000.0
CHEMBL4548345,COc1ccc(OCCN2CCN(C(=O)c3cc4cccc(OC)c4[nH]3)CC2)cc1,inactive,10000.0
CHEMBL4589125,COc1ccc(OCCN2CCN(C(=O)c3cc4cc(OC)ccc4[nH]3)CC2)cc1,inactive,100000.0
CHEMBL4440776,COc1ccc(OCCN2CCN(C(=O)c3cc4c(OC)cccc4[nH]3)CC2)cc1,inactive,100000.0
CHEMBL4542423,COc1ccc(OCCN2CCN(C(=O)c3cc4cccc(C)c4[nH]3)CC2)cc1,inactive,100000.0
CHEMBL4514648,COc1ccc(OCCN2CCN(C(=O)c3cc4cc(C)ccc4[nH]3)CC2)cc1,inactive,100000.0
CHEMBL4460818,COc1ccc(OCCN2CCN(C(=O)c3cc4c(C)cccc4[nH]3)CC2)cc1,active,744.0
CHEMBL4587372,COc1ccc(OCCN2CCN(C(=O)c3cc4cccc(Cl)c4[nH]3)CC2)cc1,inactive,100000.0
CHEMBL4466748,COc1ccc(OCCN2CCN(C(=O)c3cc4ccc(Cl)cc4[nH]3)CC2)cc1,inactive,100000.0
CHEMBL4474192,COc1ccc(OCCN2CCN(C(=O)c3cc4c(Cl)cccc4[nH]3)CC2)cc1,inactive,100000.0
CHEMBL4530116,COc1ccc(OCCN2CCN(C(=O)c3cc4ccccc4n3C)CC2)cc1,intermediate,9600.0
CHEMBL4562300,COc1ccc(OCCN2CCN(C(=O)c3[nH]c4ccccc4c3C)CC2)cc1,inactive,100000.0
CHEMBL4575347,COc1ccc(OCCN2CCN(C(=O)c3cc4ccncc4[nH]3)CC2)cc1,inactive,100000.0
CHEMBL4455487,COc1ccc(OCCN2CCN(C(=O)c3cc4cnccc4[nH]3)CC2)cc1,inactive,100000.0
CHEMBL4443579,COc1ccc(OCCN2CCN(C(=O)c3nc4ccccc4[nH]3)CC2)cc1,inactive,50000.0
CHEMBL4577889,COc1ccc(OCCN2CCN(C(=O)c3cc4ccccc4o3)CC2)cc1,intermediate,7700.0
CHEMBL4472861,COc1ccc(OCCN2CCN(C(=O)c3cc4ccccc4s3)CC2)cc1,intermediate,5100.0
CHEMBL4581806,COc1ccc(OCCN2CCN(C(=O)C3CCCCC3)CC2)cc1,inactive,50000.0
CHEMBL4559117,COc1ccc(OCCN2CCN(c3ccc(OC)cc3)CC2)cc1,inactive,50000.0
CHEMBL4564115,COc1ccc(OCC(C)N2CCN(C(=O)c3ccc(OC)cc3)CC2)cc1,inactive,100000.0
CHEMBL4585248,COc1ccc(OC(C)CN2CCN(C(=O)c3ccc(OC)cc3)CC2)cc1,inactive,18000.0
CHEMBL4438465,COc1ccc(OCCN2CCN(C(=O)c3ccc(OC)cc3)CC2C)cc1,inactive,100000.0
CHEMBL4461742,COc1ccc(OCCN2CCN(C(=O)c3ccc(OC)cc3)C(C)C2)cc1,inactive,100000.0
CHEMBL4459353,COc1ccc(OCCN(C)CCN(C)C(=O)c2ccc(OC)cc2)cc1,inactive,18000.0
CHEMBL4594046,COc1cccc(OCCN2CCN(C(=O)c3cc4cnccc4[nH]3)CC2)c1,intermediate,7400.0
CHEMBL4472566,COc1cccc(OCCN2CCN(C(=O)c3cc4ccccc4[nH]3)CC2)c1,inactive,100000.0
CHEMBL4471623,COc1cccc(OCCN2CCN(C(=O)c3nc4ccccc4[nH]3)CC2)c1,intermediate,2000.0
CHEMBL4514438,COc1ccc(C(=O)N2CCN(CCOc3cccnc3)CC2)c(C)c1,inactive,100000.0
CHEMBL4470996,O=C(c1cc2ccccc2s1)N1CCN(CCOc2cccnc2)CC1,intermediate,2100.0
CHEMBL4525545,O=C(c1ccc[nH]1)N1CCN(CCOc2cccnc2)CC1,inactive,100000.0
CHEMBL4574338,O=C(c1cc2ccccc2[nH]1)N1CCN(CCOc2ccccc2)CC1,active,535.0
CHEMBL4578060,O=C(c1cc2ccccc2[nH]1)N1CCN(CCOc2ccc3c(c2)OCO3)CC1,inactive,50000.0
CHEMBL4446051,COc1ccc(SCCN2CCN(C(=O)c3cc4ccccc4[nH]3)CC2)cc1,inactive,100000.0
CHEMBL4446145,CSc1ccc(OCCN2CCN(C(=O)c3cc4ccccc4[nH]3)CC2)cc1,inactive,100000.0
CHEMBL4442016,CCOc1ccc(OCCN2CCN(C(=O)c3cc4ccccc4[nH]3)CC2)cc1,inactive,100000.0
CHEMBL4471346,O=C(c1cc2ccccc2[nH]1)N1CCN(CCOc2ccc(OC(F)(F)F)cc2)CC1,inactive,100000.0
CHEMBL4461237,Cc1ccc(OCCN2CCN(C(=O)c3cc4ccccc4[nH]3)CC2)cc1,inactive,100000.0
CHEMBL4435184,CCc1ccc(OCCN2CCN(C(=O)c3cc4ccccc4[nH]3)CC2)cc1,inactive,50000.0
CHEMBL4439612,CC(C)(C)c1ccc(OCCN2CCN(C(=O)c3cc4ccccc4[nH]3)CC2)cc1,inactive,100000.0
CHEMBL4456795,O=C(c1cc2ccccc2[nH]1)N1CCN(CCOc2ccc(F)cc2)CC1,intermediate,9700.0
CHEMBL4574586,O=C(c1cc2ccccc2[nH]1)N1CCN(CCOc2ccc(Cl)cc2)CC1,inactive,50000.0
CHEMBL4581907,O=C(c1cc2ccccc2[nH]1)N1CCN(CCOc2ccc(Br)cc2)CC1,inactive,100000.0
CHEMBL4473158,COc1ccc(OCCN2CCN(C(=O)c3cc4ccccc4[nH]3)CC2)cc1OC,inactive,50000.0
CHEMBL4519087,Cc1ccc(OCCN2CCN(C(=O)c3cc4ccccc4[nH]3)CC2)cc1C,inactive,13000.0
CHEMBL4462053,Cc1cc(OCCN2CCN(C(=O)c3cc4ccccc4[nH]3)CC2)ccc1Cl,intermediate,3800.0
CHEMBL4445988,COc1ccc(OCCN2CCN(C(=O)c3cc4ccccc4[nH]3)CC2)c(Cl)c1,inactive,10000.0
CHEMBL4522768,O=C(c1cc2ccccc2[nH]1)N1CCN(CCOc2ccccn2)CC1,inactive,100000.0
CHEMBL4585651,O=C(c1cc2ccccc2[nH]1)N1CCN(CCOc2ccncc2)CC1,inactive,100000.0
CHEMBL4471482,COc1ccc(N(C)CCN2CCN(C(=O)c3cc4ccccc4[nH]3)CC2)cc1,inactive,100000.0
CHEMBL4550539,O=C(c1cc2ccccc2[nH]1)N1CCN(CCOc2ccc3[nH]ccc3c2)CC1,active,440.0
CHEMBL4442293,COc1ccc(OCCCN2CCN(C(=O)c3cc4ccccc4[nH]3)CC2)cc1,active,691.0
CHEMBL4580359,COc1ccc(OCCCCN2CCN(C(=O)c3cc4ccccc4[nH]3)CC2)cc1,intermediate,1200.0
CHEMBL26,CCN1CCCC1CNC(=O)c1cc(S(N)(=O)=O)ccc1OC,active,42.0
CHEMBL1700053,COc1ccc(OCCN2CCN(C(=O)c3ccc(OC)cc3)CC2)cc1,inactive,100000.0
CHEMBL4638599,O=c1n(CCCCN2CCN(c3cccc4sccc34)CC2)nc2ccccn12,active,12.4
CHEMBL4647011,O=c1n(CCCCN2CCN(c3cccc4sccc34)CC2)nc2ccc(F)cn12,active,26.3
CHEMBL4644352,O=c1n(CCCCN2CCN(c3cccc4sccc34)CC2)nc2c(F)cccn12,active,30.2
CHEMBL4635414,O=c1n(CCCCN2CCN(c3cccc4sccc34)CC2)nc2c(F)cc(F)cn12,active,62.8
CHEMBL4633978,O=c1n(CCCCN2CCN(c3cccc4sccc34)CC2)nc2ccc(Cl)cn12,active,135.0
CHEMBL4636321,O=c1n(CCCCN2CCN(c3cccc4sccc34)CC2)nc2c(Cl)cccn12,active,94.7
CHEMBL4648027,O=c1n(CCCCN2CCN(c3cccc4sccc34)CC2)nc2c(Cl)cc(Cl)cn12,active,406.0
CHEMBL4640409,O=c1n(CCCCN2CCN(c3cccc4sccc34)CC2)nc2c(Br)cccn12,active,105.0
CHEMBL4634009,COc1cccc2nn(CCCCN3CCN(c4cccc5sccc45)CC3)c(=O)n12,active,12.4
CHEMBL4644500,COc1cccn2c(=O)n(CCCCN3CCN(c4cccc5sccc45)CC3)nc12,active,102.0
CHEMBL4644742,N#Cc1cccc2nn(CCCCN3CCN(c4cccc5sccc45)CC3)c(=O)n12,active,42.6
CHEMBL4644391,N#Cc1ccc2nn(CCCCN3CCN(c4cccc5sccc45)CC3)c(=O)n2c1,active,1.03
CHEMBL4648979,N#Cc1ccn2c(=O)n(CCCCN3CCN(c4cccc5sccc45)CC3)nc2c1,active,146.0
CHEMBL4638430,N#Cc1cccn2c(=O)n(CCCCN3CCN(c4cccc5sccc45)CC3)nc12,active,1.5
CHEMBL621,O=c1n(CCCN2CCN(c3cccc(Cl)c3)CC2)nc2ccccn12,intermediate,4485.0
CHEMBL4635890,O=c1n(CCCCN2CCN(c3cccc4scnc34)CC2)nc2ccccn12,active,117.0
CHEMBL4636764,O=c1n(CCCCN2CCC(c3cc(F)cc4oncc34)CC2)nc2ccccn12,active,40.5
CHEMBL4633397,O=c1n(CCCCN2CCN(c3cccc4scnc34)CC2)nc2c(F)cccn12,active,7.0
CHEMBL4649106,O=c1n(CCCCN2CCN(c3cccc4sc(F)cc34)CC2)nc2c(F)cccn12,active,11.1
CHEMBL4747208,N#Cc1ccc(S(=O)(=O)N(CCCN2CCC(c3noc4cc(F)ccc34)CC2)C2COC2)cc1,active,3.6
CHEMBL4746981,O=S(=O)(c1ccc(C(F)(F)F)cc1)N(CCCN1CCC(c2noc3cc(F)ccc23)CC1)C1COC1,active,2.3
CHEMBL4759817,O=S(=O)(c1ccc(Cl)cc1)N(CCCN1CCC(c2noc3cc(F)ccc23)CC1)C1COC1,active,2.0
CHEMBL4787495,O=S(=O)(c1ccc(F)cc1)N(CCCN1CCC(c2noc3cc(F)ccc23)CC1)C1COC1,active,3.0
CHEMBL4776840,O=S(=O)(c1ccccc1)N(CCCN1CCC(c2noc3cc(F)ccc23)CC1)C1COC1,active,1.9
CHEMBL4749144,O=C(c1ccccc1)N(CCCN1CCC(c2noc3cc(F)ccc23)CC1)C1COC1,active,156.0
CHEMBL4751911,O=C(c1ccccc1)N(CCCN1CCC(c2noc3cc(F)ccc23)CC1)CC1CC1,active,10.8
CHEMBL4794013,CC(C)N(CCCN1CCC(c2noc3cc(F)ccc23)CC1)C(=O)c1ccccc1,active,59.3
CHEMBL4761441,CCCN(CCCN1CCC(c2noc3cc(F)ccc23)CC1)C(=O)c1ccccc1,active,18.5
CHEMBL4754651,CCCN(CCCN1CCN(c2ccccn2)CC1)C(=O)c1ccccc1,intermediate,6935.0
CHEMBL4778957,COc1ccccc1N1CCN(CCCN(C(=O)c2ccccc2)C2COC2)CC1,intermediate,3765.0
CHEMBL4753512,COc1ccccc1N1CCN(CCCN(CC2CC2)C(=O)c2ccccc2)CC1,active,288.7
CHEMBL4787658,COc1ccccc1N1CCN(CCCN(C(=O)c2ccccc2)C(C)C)CC1,active,823.5
CHEMBL4746563,CCCN(CCCN1CCN(c2ccccc2OC)CC1)C(=O)c1ccccc1,active,466.9
CHEMBL4800286,O=C(c1ccccc1)N(CCCN1CCN(c2cccc(Cl)c2Cl)CC1)C1COC1,intermediate,1878.0
CHEMBL4777207,O=C(c1ccccc1)N(CCCN1CCN(c2cccc(Cl)c2Cl)CC1)CC1CC1,active,459.2
CHEMBL4752859,CC(C)N(CCCN1CCN(c2cccc(Cl)c2Cl)CC1)C(=O)c1ccccc1,active,528.0
CHEMBL4745192,CCCN(CCCN1CCN(c2cccc(Cl)c2Cl)CC1)C(=O)c1ccccc1,active,484.7
CHEMBL4741908,O=C1COc2ccccc2N1CCCCN1CCN(c2cccc3sccc23)CC1,active,216.0
CHEMBL4763837,O=C1NCC(=O)N(CCCCN2CCN(c3cccc4sccc34)CC2)c2cc(F)ccc21,active,34.67
CHEMBL4749223,COc1ccc2ncc(=O)n(CCCCN3CCN(c4cccc5sccc45)CC3)c2c1,active,77.62
CHEMBL4777098,CN1CC(=O)N(CCCCN2CCN(c3cccc4sccc34)CC2)c2ccccc2C1=O,active,123.03
CHEMBL4777475,O=c1[nH]c(=O)n(CCCCN2CCN(c3cccc4sccc34)CC2)c2ccccc12,active,28.84
CHEMBL4759331,O=S1(=O)CCc2ccc(O)cc2N1CCCCN1CCN(c2cccc3sccc23)CC1,active,19.95
CHEMBL4751542,Nc1ccc2c(c1)N(CCCCN1CCN(c3cccc4sccc34)CC1)S(=O)(=O)CC2,active,67.61
CHEMBL4764679,CN1CCc2ccc(OCCCN3CCC(c4noc5cc(F)ccc45)CC3)cc2C1=O,active,6.3
CHEMBL1814790,CN1CCc2cc(Cl)c(O)cc2[C@@H](c2ccccc2)C1.O=C(O)/C=C\C(=O)O,active,25.8
CHEMBL3306803,CN1CCN2c3c(cccc31)[C@@H]1CN(CCCC(=O)c3ccc(F)cc3)CC[C@@H]12,active,4.1
CHEMBL3306803,CN1CCN2c3c(cccc31)[C@@H]1CN(CCCC(=O)c3ccc(F)cc3)CC[C@@H]12,active,3.2
CHEMBL4867978,Fc1ccc2c(C3CCN(CCCOc4ccc(CCN5CCOCC5)cc4)CC3)noc2c1,active,11.3
CHEMBL3091687,NCCCCN(C[C@H]1Cc2ccccc2CN1)[C@H]1CCCc2cccnc21,intermediate,5700.0
CHEMBL5070958,NCCCCN(C[C@H]1Cc2ncccc2CN1)[C@H]1CCCc2cccnc21,intermediate,9400.0
CHEMBL5076569,NCCCCN(C[C@H]1Cc2cccnc2CN1)[C@H]1CCCc2cccnc21,inactive,10000.0
CHEMBL5093818,CN(CCCCN(C[C@H]1Cc2ncccc2CN1)[C@H]1CCCc2cccnc21)C1CCC(F)(F)CC1,inactive,30000.0
CHEMBL5085511,c1cnc2c(c1)CN[C@@H](CN(CCCCNC1CCOCC1)[C@H]1CCCc3cccnc31)C2,inactive,30000.0
CHEMBL5077132,CN(CCCCN(C[C@H]1Cc2ncccc2CN1)[C@H]1CCCc2cccnc21)C1CCOCC1,inactive,30000.0
CHEMBL5083458,c1cnc2c(c1)CN[C@@H](CN(CCCCNC1COC1)[C@H]1CCCc3cccnc31)C2,inactive,30000.0
CHEMBL5081505,c1cnc2c(c1)CN[C@@H](CN(CCCC1CCNCC1)[C@H]1CCCc3cccnc31)C2,intermediate,9800.0
CHEMBL5082142,c1cnc2c(c1)CN[C@@H](CN(CCCCN1CCOCC1)[C@H]1CCCc3cccnc31)C2,inactive,30000.0
CHEMBL518924,NCCCCN(Cc1nc2ccccc2[nH]1)[C@H]1CCCc2cccnc21,intermediate,4100.0
CHEMBL5092058,Cc1cn([C@H](C)CC#N)c(=O)c2cc(Cn3nc(C(F)F)cc3Cl)nn12,active,10.0
CHEMBL5177023,Cc1c(C#Cc2ccc(CN3CCC(CO)CC3)cc2)cc(C(F)F)c2cn(C(C(=O)Nc3nccs3)c3ncn4c3CCC43CC3)nc12,active,1000.0
CHEMBL5095235,CC(=O)N1CCN([C@H]2CCC[C@@H](NC(=O)c3cc4c(F)ccc(C)c4[nH]3)C2)CC1,inactive,13000.0
